system,reference,model,skill,ci_low,ci_high,admitted,reference_loss,model_loss,n_windows
mbr,persistence,gru_s123,2.621207061308453,2.473565168805339,2.7699366098619995,True,136.22062646590499,51.96866301661282,504
mbr,persistence,gru_s42,3.795735261412041,3.5061370227555058,4.0743942248158,True,136.22062646590499,35.887810156504415,504
mbr,persistence,gru_s7,3.671130782308932,3.385618743344769,3.9325922943460103,True,136.22062646590499,37.105904023454585,504
mbr,persistence,mlp_s123,1.0152498915451937,1.0097194805414902,1.0234503480479111,True,136.22062646590499,134.1744801948015,504
mbr,persistence,mlp_s42,1.5902590501890517,1.5205496904711662,1.6441693148926573,True,136.22062646590499,85.6593939520174,504
mbr,persistence,mlp_s7,2.22346330298902,2.0765960417025986,2.351292840629011,True,136.22062646590499,61.26506620675164,504
mbr,persistence,ridge,1.4326742954054055,1.2644937539771066,1.6045738686817659,True,136.22062646590499,95.08136420313068,504
mbr,history_mean,gru_s123,2.8152806750358876,2.6520492275412715,2.965630216004718,True,146.30637269812232,51.96866301661282,504
mbr,history_mean,gru_s42,4.076770693449662,3.756282246408394,4.389952139171843,True,146.30637269812232,35.887810156504415,504
mbr,history_mean,gru_s7,3.9429405251962675,3.617845859145736,4.223348161537889,True,146.30637269812232,37.105904023454585,504
mbr,history_mean,mlp_s123,1.090418777741543,1.071734731950679,1.1101006761509713,True,146.30637269812232,134.1744801948015,504
mbr,history_mean,mlp_s42,1.7080014922832243,1.6169159680745597,1.7898992471983943,True,146.30637269812232,85.6593939520174,504
mbr,history_mean,mlp_s7,2.3880880533839823,2.225402910107085,2.5220310906218315,True,146.30637269812232,61.26506620675164,504
mbr,history_mean,ridge,1.538749195747288,1.3476742061960196,1.7347954675995738,True,146.30637269812232,95.08136420313068,504
mbr,drift,gru_s123,5.5810628772264455,5.097019354549687,6.078344399811533,True,290.0403759411087,51.96866301661282,504
mbr,drift,gru_s42,8.081863303340645,7.311294648990364,8.819995438269338,True,290.0403759411087,35.887810156504415,504
mbr,drift,gru_s7,7.816555978740597,7.005617116855992,8.611726350921737,True,290.0403759411087,37.105904023454585,504
mbr,drift,mlp_s123,2.1616657319634327,2.034131707994514,2.2894831912435984,True,290.0403759411087,134.1744801948015,504
mbr,drift,mlp_s42,3.3859727761274674,3.0957890584208587,3.611564328510522,True,290.0403759411087,85.6593939520174,504
mbr,drift,mlp_s7,4.734188566161138,4.231834920670304,5.165239085174738,True,290.0403759411087,61.26506620675164,504
mbr,drift,ridge,3.0504439894390867,2.589142729936089,3.4606521180274346,True,290.0403759411087,95.08136420313068,504
mbr,ar1,gru_s123,2.493264697590054,2.3399795045169585,2.648605319494118,True,129.5716328802746,51.96866301661282,504
mbr,ar1,gru_s42,3.6104636174573232,3.313891489136761,3.893638697897697,True,129.5716328802746,35.887810156504415,504
mbr,ar1,gru_s7,3.4919411422606106,3.1964035975175737,3.7579847954049934,True,129.5716328802746,37.105904023454585,504
mbr,ar1,mlp_s123,0.9656950613272788,0.9610799209114353,0.9693822135808482,False,129.5716328802746,134.1744801948015,504
mbr,ar1,mlp_s42,1.512637749373465,1.441199608970919,1.5672873543084331,True,129.5716328802746,85.6593939520174,504
mbr,ar1,mlp_s7,2.1149350013433152,1.9705775762164959,2.2434861602483527,True,129.5716328802746,61.26506620675164,504
mbr,ar1,ridge,1.362744781442758,1.1944118617804305,1.533305011077268,True,129.5716328802746,95.08136420313068,504
tep,persistence,gru_s123,1.942730641157619,1.8850440572160176,2.0032118311774085,True,1.2713339073956755,0.6544056496880716,1440
tep,persistence,gru_s2024,1.9471501782950273,1.889395167235693,2.0075258038716726,True,1.2713339073956755,0.6529203148104821,1440
tep,persistence,gru_s31337,1.9412837138589318,1.8831144581138737,2.001582873020852,True,1.2713339073956755,0.6548934080678431,1440
tep,persistence,gru_s42,1.9441811698164368,1.8849605504524538,2.005135797870391,True,1.2713339073956755,0.6539174060181391,1440
tep,persistence,gru_s7,1.9461337678067587,1.8876864595902738,2.005840739159357,True,1.2713339073956755,0.6532613165786827,1440
tep,persistence,mlp_s123,1.8828791515982033,1.8246018866584304,1.9427846926080217,True,1.2713339073956755,0.6752073845613282,1440
tep,persistence,mlp_s2024,1.88157069178259,1.826222156456147,1.9402043016734636,True,1.2713339073956755,0.6756769293590668,1440
tep,persistence,mlp_s31337,1.8897317656104338,1.8324844064582482,1.9507250041979713,True,1.2713339073956755,0.6727589230024933,1440
tep,persistence,mlp_s42,1.8823382363429146,1.8265630002031685,1.9409739216002935,True,1.2713339073956755,0.6754014145011877,1440
tep,persistence,mlp_s7,1.8818597885676427,1.8254963577655625,1.9402362277978047,True,1.2713339073956755,0.675573129900043,1440
tep,persistence,ridge,1.9366157415499128,1.878017736568674,1.9979412908310112,True,1.2713339073956755,0.6564719474903169,1440
tep,history_mean,gru_s123,1.919186618370056,1.8429276556034393,1.9987567475970682,True,1.2559265658671097,0.6544056496880716,1440
tep,history_mean,gru_s2024,1.9235525949773173,1.847290414737076,2.001781849927661,True,1.2559265658671097,0.6529203148104821,1440
tep,history_mean,gru_s31337,1.917757226435547,1.8409337698274963,1.997035895589576,True,1.2559265658671097,0.6548934080678431,1440
tep,history_mean,gru_s42,1.9206195680196827,1.8436639687667578,2.000956622602724,True,1.2559265658671097,0.6539174060181391,1440
tep,history_mean,gru_s7,1.9225485024044562,1.8453124729158872,2.0016583155961736,True,1.2559265658671097,0.6532613165786827,1440
tep,history_mean,mlp_s123,1.8600604711737057,1.784463947274441,1.9387919137610157,True,1.2559265658671097,0.6752073845613282,1440
tep,history_mean,mlp_s2024,1.8587678686298432,1.7851136993004362,1.9347915518441843,True,1.2559265658671097,0.6756769293590668,1440
tep,history_mean,mlp_s31337,1.8668300381092904,1.7906045918577393,1.9437455089650635,True,1.2559265658671097,0.6727589230024933,1440
tep,history_mean,mlp_s42,1.859526111289927,1.7846812614558845,1.9354191770233582,True,1.2559265658671097,0.6754014145011877,1440
tep,history_mean,mlp_s7,1.859053461840519,1.7844625055604177,1.935727084535008,True,1.2559265658671097,0.675573129900043,1440
tep,history_mean,ridge,1.9131458254514904,1.836251083830385,1.9928964794642585,True,1.2559265658671097,0.6564719474903169,1440
tep,drift,gru_s123,3.4153337505276835,3.325040289768596,3.5092972191657283,True,2.235013701915667,0.6544056496880716,1440
tep,drift,gru_s2024,3.4231033270337226,3.3313380567935367,3.516920939882009,True,2.235013701915667,0.6529203148104821,1440
tep,drift,gru_s31337,3.412790042443262,3.323964624220173,3.5070376079380114,True,2.235013701915667,0.6548934080678431,1440
tep,drift,gru_s42,3.417883789827839,3.327926360529283,3.513311841098924,True,2.235013701915667,0.6539174060181391,1440
tep,drift,gru_s7,3.421316470445665,3.3315639227774314,3.5154889447370397,True,2.235013701915667,0.6532613165786827,1440
tep,drift,mlp_s123,3.310114422649155,3.221985657193075,3.401863365824172,True,2.235013701915667,0.6752073845613282,1440
tep,drift,mlp_s2024,3.307814141346745,3.2237252047774336,3.394867393368807,True,2.235013701915667,0.6756769293590668,1440
tep,drift,mlp_s31337,3.322161364937234,3.2333053971138987,3.4132863368201756,True,2.235013701915667,0.6727589230024933,1440
tep,drift,mlp_s42,3.3091634899318625,3.2228189634800812,3.398770096772219,True,2.235013701915667,0.6754014145011877,1440
tep,drift,mlp_s7,3.3083223754715596,3.2234388570623658,3.3974389903307602,True,2.235013701915667,0.675573129900043,1440
tep,drift,ridge,3.4045837152068614,3.3122875195631902,3.500974130237692,True,2.235013701915667,0.6564719474903169,1440
tep,ar1,gru_s123,1.5517696013202567,1.5033429114863681,1.6020159578328328,True,1.0154867941181824,0.6544056496880716,1440
tep,ar1,gru_s2024,1.5552997373239024,1.5068634567109453,1.605197139783109,True,1.0154867941181824,0.6529203148104821,1440
tep,ar1,gru_s31337,1.550613858084496,1.5021706937168908,1.6006615502207249,True,1.0154867941181824,0.6548934080678431,1440
tep,ar1,gru_s42,1.5529282211674509,1.5040292800667912,1.603633275110522,True,1.0154867941181824,0.6539174060181391,1440
tep,ar1,gru_s7,1.5544878723824926,1.5052926087064236,1.6044316248021906,True,1.0154867941181824,0.6532613165786827,1440
tep,ar1,mlp_s123,1.5039628080755196,1.4563160795547785,1.553561807525155,True,1.0154867941181824,0.6752073845613282,1440
tep,ar1,mlp_s2024,1.502917666704193,1.4558758105193623,1.5510928752822801,True,1.0154867941181824,0.6756769293590668,1440
tep,ar1,mlp_s31337,1.50943638114246,1.4607767504975675,1.5590235729886326,True,1.0154867941181824,0.6727589230024933,1440
tep,ar1,mlp_s42,1.5035307482560754,1.4568721713111832,1.5520739778116028,True,1.0154867941181824,0.6754014145011877,1440
tep,ar1,mlp_s7,1.5031485847704342,1.456123741319738,1.5521559564138678,True,1.0154867941181824,0.675573129900043,1440
tep,ar1,ridge,1.5468852827609378,1.4981156724247287,1.5974824366399771,True,1.0154867941181824,0.6564719474903169,1440
