system,reference,model,domain,metric,value
mbr,persistence,gru_s123,actuation,grid_mean,1.8518522293606123
mbr,persistence,gru_s123,actuation,grid_min,1.1253124485555048
mbr,persistence,gru_s123,actuation,normalized_trapezoid,1.6250447694899797
mbr,persistence,gru_s42,actuation,grid_mean,2.3812274863634326
mbr,persistence,gru_s42,actuation,grid_min,1.2343834428612832
mbr,persistence,gru_s42,actuation,normalized_trapezoid,1.9968244181977899
mbr,persistence,gru_s7,actuation,grid_mean,2.2763449369879516
mbr,persistence,gru_s7,actuation,grid_min,1.181116801669603
mbr,persistence,gru_s7,actuation,normalized_trapezoid,1.896532607584939
mbr,persistence,mlp_s123,actuation,grid_mean,1.0154875107315293
mbr,persistence,mlp_s123,actuation,grid_min,1.0129452310145741
mbr,persistence,mlp_s123,actuation,normalized_trapezoid,1.016002070464125
mbr,persistence,mlp_s42,actuation,grid_mean,1.6148215886412522
mbr,persistence,mlp_s42,actuation,grid_min,1.3656524608831688
mbr,persistence,mlp_s42,actuation,normalized_trapezoid,1.5978124272909704
mbr,persistence,mlp_s7,actuation,grid_mean,1.7765853049986637
mbr,persistence,mlp_s7,actuation,grid_min,1.1848067362439292
mbr,persistence,mlp_s7,actuation,normalized_trapezoid,1.6212406135572903
mbr,persistence,ridge,actuation,grid_mean,1.3174221691385157
mbr,persistence,ridge,actuation,grid_min,0.9643355434572908
mbr,persistence,ridge,actuation,normalized_trapezoid,1.2388942591363314
mbr,history_mean,gru_s123,actuation,grid_mean,1.623803030050924
mbr,history_mean,gru_s123,actuation,grid_min,0.8602250250105278
mbr,history_mean,gru_s123,actuation,normalized_trapezoid,1.3650870347130124
mbr,history_mean,gru_s42,actuation,grid_mean,2.104379040137127
mbr,history_mean,gru_s42,actuation,grid_min,0.9436024007118714
mbr,history_mean,gru_s42,actuation,normalized_trapezoid,1.6886792159100035
mbr,history_mean,gru_s7,actuation,grid_mean,2.013556345343977
mbr,history_mean,gru_s7,actuation,grid_min,0.9028836671635507
mbr,history_mean,gru_s7,actuation,normalized_trapezoid,1.6044659423314225
mbr,history_mean,mlp_s123,actuation,grid_mean,0.8665173329122923
mbr,history_mean,mlp_s123,actuation,grid_min,0.777638071782943
mbr,history_mean,mlp_s123,actuation,normalized_trapezoid,0.8357953188418223
mbr,history_mean,mlp_s42,actuation,grid_mean,1.384636304669817
mbr,history_mean,mlp_s42,actuation,grid_min,1.043948659616173
mbr,history_mean,mlp_s42,actuation,normalized_trapezoid,1.3206583850546674
mbr,history_mean,mlp_s7,actuation,grid_mean,1.5472696218535944
mbr,history_mean,mlp_s7,actuation,grid_min,0.9057043718181216
mbr,history_mean,mlp_s7,actuation,normalized_trapezoid,1.3554404241939964
mbr,history_mean,ridge,actuation,grid_mean,1.1410587000241263
mbr,history_mean,ridge,actuation,grid_min,0.7371691018382727
mbr,history_mean,ridge,actuation,normalized_trapezoid,1.031066868981735
mbr,drift,gru_s123,actuation,grid_mean,5.1134015457611754
mbr,drift,gru_s123,actuation,grid_min,3.2539894295192453
mbr,drift,gru_s123,actuation,normalized_trapezoid,4.580580495441471
mbr,drift,gru_s42,actuation,grid_mean,6.551144128897995
mbr,drift,gru_s42,actuation,grid_min,3.5693826014278476
mbr,drift,gru_s42,actuation,normalized_trapezoid,5.613980600975445
mbr,drift,gru_s7,actuation,grid_mean,6.258602226508749
mbr,drift,gru_s7,actuation,grid_min,3.415355079910411
mbr,drift,gru_s7,actuation,normalized_trapezoid,5.330574301608966
mbr,drift,mlp_s123,actuation,grid_mean,2.8367507713239593
mbr,drift,mlp_s123,actuation,grid_min,2.606445936174434
mbr,drift,mlp_s123,actuation,normalized_trapezoid,2.88519269280778
mbr,drift,mlp_s42,actuation,grid_mean,4.504984665920085
mbr,drift,mlp_s42,actuation,grid_min,3.9489642879317968
mbr,drift,mlp_s42,actuation,normalized_trapezoid,4.531790419920841
mbr,drift,mlp_s7,actuation,grid_mean,4.92236297168992
mbr,drift,mlp_s7,actuation,grid_min,3.4260250126174454
mbr,drift,mlp_s7,actuation,normalized_trapezoid,4.578919683752741
mbr,drift,ridge,actuation,grid_mean,3.6586105703711236
mbr,drift,ridge,actuation,grid_min,2.7885034675904463
mbr,drift,ridge,actuation,normalized_trapezoid,3.5047621952958616
mbr,ar1,gru_s123,actuation,grid_mean,1.7293179301726556
mbr,ar1,gru_s123,actuation,grid_min,1.0412518141489613
mbr,ar1,gru_s123,actuation,normalized_trapezoid,1.5110666190966973
mbr,ar1,gru_s42,actuation,grid_mean,2.225309422584505
mbr,ar1,gru_s42,actuation,grid_min,1.1421752250982546
mbr,ar1,gru_s42,actuation,normalized_trapezoid,1.8576994192226786
mbr,ar1,gru_s7,actuation,grid_mean,2.1276051788488934
mbr,ar1,gru_s7,actuation,grid_min,1.0928875922762284
mbr,ar1,gru_s7,actuation,normalized_trapezoid,1.7645095682390526
mbr,ar1,mlp_s123,actuation,grid_mean,0.9461080470293283
mbr,ar1,mlp_s123,actuation,grid_min,0.9412851631297054
mbr,ar1,mlp_s123,actuation,normalized_trapezoid,0.9434182915436874
mbr,ar1,mlp_s42,actuation,grid_mean,1.5048098405564672
mbr,ar1,mlp_s42,actuation,grid_min,1.263638471445786
mbr,ar1,mlp_s42,actuation,normalized_trapezoid,1.4839565405209496
mbr,ar1,mlp_s7,actuation,grid_mean,1.6578408707785959
mbr,ar1,mlp_s7,actuation,grid_min,1.0963018894116954
mbr,ar1,mlp_s7,actuation,normalized_trapezoid,1.50692652404584
mbr,ar1,ridge,actuation,grid_mean,1.2288145208626973
mbr,ar1,ridge,actuation,grid_min,0.8922998544645546
mbr,ar1,ridge,actuation,normalized_trapezoid,1.1511893428809974
mbr,persistence,gru_s123,obs_bias,grid_mean,2.1746308631247895
mbr,persistence,gru_s123,obs_bias,grid_min,1.2067344944903116
mbr,persistence,gru_s123,obs_bias,normalized_trapezoid,1.6621466045542228
mbr,persistence,gru_s42,obs_bias,grid_mean,2.8552381080663025
mbr,persistence,gru_s42,obs_bias,grid_min,1.27998969259208
mbr,persistence,gru_s42,obs_bias,normalized_trapezoid,1.9516666255418333
mbr,persistence,gru_s7,obs_bias,grid_mean,2.7616403660015667
mbr,persistence,gru_s7,obs_bias,grid_min,1.2315195102571594
mbr,persistence,gru_s7,obs_bias,normalized_trapezoid,1.8739998867847925
mbr,persistence,mlp_s123,obs_bias,grid_mean,1.0324497365628047
mbr,persistence,mlp_s123,obs_bias,grid_min,1.0129452310145741
mbr,persistence,mlp_s123,obs_bias,normalized_trapezoid,1.0376859222353338
mbr,persistence,mlp_s42,obs_bias,grid_mean,1.4989806891307345
mbr,persistence,mlp_s42,obs_bias,grid_min,1.1615652484674652
mbr,persistence,mlp_s42,obs_bias,normalized_trapezoid,1.3499741911319911
mbr,persistence,mlp_s7,obs_bias,grid_mean,1.906295529598451
mbr,persistence,mlp_s7,obs_bias,grid_min,1.1970333490388643
mbr,persistence,mlp_s7,obs_bias,normalized_trapezoid,1.542825880810772
mbr,persistence,ridge,obs_bias,grid_mean,1.2582882483117772
mbr,persistence,ridge,obs_bias,grid_min,0.6701673534953677
mbr,persistence,ridge,obs_bias,normalized_trapezoid,0.9443676165303421
mbr,history_mean,gru_s123,obs_bias,grid_mean,2.1155455677147486
mbr,history_mean,gru_s123,obs_bias,grid_min,1.1759838133264333
mbr,history_mean,gru_s123,obs_bias,normalized_trapezoid,1.6147783432637035
mbr,history_mean,gru_s42,obs_bias,grid_mean,2.7780454452017844
mbr,history_mean,gru_s42,obs_bias,grid_min,1.247372281629137
mbr,history_mean,gru_s42,obs_bias,normalized_trapezoid,1.8961891403910178
mbr,history_mean,gru_s7,obs_bias,grid_mean,2.687011569664402
mbr,history_mean,gru_s7,obs_bias,grid_min,1.200137243503437
mbr,history_mean,gru_s7,obs_bias,normalized_trapezoid,1.8207412538561445
mbr,history_mean,mlp_s123,obs_bias,grid_mean,1.0040962114716832
mbr,history_mean,mlp_s123,obs_bias,grid_min,0.9868197919459429
mbr,history_mean,mlp_s123,obs_bias,normalized_trapezoid,1.0080505907046307
mbr,history_mean,mlp_s42,obs_bias,grid_mean,1.4579722059077342
mbr,history_mean,mlp_s42,obs_bias,grid_min,1.1319655952133743
mbr,history_mean,mlp_s42,obs_bias,normalized_trapezoid,1.311417260805231
mbr,history_mean,mlp_s7,obs_bias,grid_mean,1.8543848742107543
mbr,history_mean,mlp_s7,obs_bias,grid_min,1.1665298778719357
mbr,history_mean,mlp_s7,obs_bias,normalized_trapezoid,1.4988208029547812
mbr,history_mean,ridge,obs_bias,grid_mean,1.2241247119271252
mbr,history_mean,ridge,obs_bias,grid_min,0.6530897753637503
mbr,history_mean,ridge,obs_bias,normalized_trapezoid,0.9174603230634767
mbr,drift,gru_s123,obs_bias,grid_mean,5.1243755068533785
mbr,drift,gru_s123,obs_bias,grid_min,1.8798901618718005
mbr,drift,gru_s123,obs_bias,normalized_trapezoid,3.4025975200020966
mbr,drift,gru_s42,obs_bias,grid_mean,6.800127191168341
mbr,drift,gru_s42,obs_bias,grid_min,1.9940094870806564
mbr,drift,gru_s42,obs_bias,normalized_trapezoid,4.051004253446685
mbr,drift,gru_s7,obs_bias,grid_mean,6.581403772467128
mbr,drift,gru_s7,obs_bias,grid_min,1.9185010638677813
mbr,drift,gru_s7,obs_bias,normalized_trapezoid,3.8906701751051713
mbr,drift,mlp_s123,obs_bias,grid_mean,2.354843524492101
mbr,drift,mlp_s123,obs_bias,grid_min,1.6050394250706947
mbr,drift,mlp_s123,obs_bias,normalized_trapezoid,2.044029033703957
mbr,drift,mlp_s42,obs_bias,grid_mean,3.468453063072924
mbr,drift,mlp_s42,obs_bias,grid_min,1.8095240443826501
mbr,drift,mlp_s42,obs_bias,normalized_trapezoid,2.7032731645040524
mbr,drift,mlp_s7,obs_bias,grid_mean,4.465276962304414
mbr,drift,mlp_s7,obs_bias,grid_min,1.8647774026224961
mbr,drift,mlp_s7,obs_bias,normalized_trapezoid,3.132402125136477
mbr,drift,ridge,obs_bias,grid_mean,2.9705087218634647
mbr,drift,ridge,obs_bias,grid_min,1.0440084545488375
mbr,drift,ridge,obs_bias,normalized_trapezoid,1.9379878239371482
mbr,ar1,gru_s123,obs_bias,grid_mean,2.026502870521976
mbr,ar1,gru_s123,obs_bias,grid_min,1.1090588408814457
mbr,ar1,gru_s123,obs_bias,normalized_trapezoid,1.5313743973851386
mbr,ar1,gru_s42,obs_bias,grid_mean,2.66360639172678
mbr,ar1,gru_s42,obs_bias,grid_min,1.1763846076232036
mbr,ar1,gru_s42,obs_bias,normalized_trapezoid,1.7994151128411784
mbr,ar1,gru_s7,obs_bias,grid_mean,2.576561869044399
mbr,ar1,gru_s7,obs_bias,grid_min,1.1318377048180557
mbr,ar1,gru_s7,obs_bias,normalized_trapezoid,1.7278673458236358
mbr,ar1,mlp_s123,obs_bias,grid_mean,0.9595742888451401
mbr,ar1,mlp_s123,obs_bias,grid_min,0.9469080696531247
mbr,ar1,mlp_s123,obs_bias,normalized_trapezoid,0.9546146649624629
mbr,ar1,mlp_s42,obs_bias,grid_mean,1.3946478377289022
mbr,ar1,mlp_s42,obs_bias,grid_min,1.0675456895906594
mbr,ar1,mlp_s42,obs_bias,normalized_trapezoid,1.242585714129222
mbr,ar1,mlp_s7,obs_bias,grid_mean,1.7755360412011751
mbr,ar1,mlp_s7,obs_bias,grid_min,1.100142926752258
mbr,ar1,mlp_s7,obs_bias,normalized_trapezoid,1.420938493034898
mbr,ar1,ridge,obs_bias,grid_mean,1.172786196421432
mbr,ar1,ridge,obs_bias,grid_min,0.61592258417879
mbr,ar1,ridge,obs_bias,normalized_trapezoid,0.8701610513197486
mbr,persistence,gru_s123,obs_noise,grid_mean,2.1539681761418548
mbr,persistence,gru_s123,obs_noise,grid_min,1.2047550124037982
mbr,persistence,gru_s123,obs_noise,normalized_trapezoid,1.6494421472424188
mbr,persistence,gru_s42,obs_noise,grid_mean,2.8033826051073847
mbr,persistence,gru_s42,obs_noise,grid_min,1.2436429755884755
mbr,persistence,gru_s42,obs_noise,normalized_trapezoid,1.897857839096942
mbr,persistence,gru_s7,obs_noise,grid_mean,2.734842578680257
mbr,persistence,gru_s7,obs_noise,grid_min,1.2367924495817473
mbr,persistence,gru_s7,obs_noise,normalized_trapezoid,1.8635459174336297
mbr,persistence,mlp_s123,obs_noise,grid_mean,1.008081131817851
mbr,persistence,mlp_s123,obs_noise,grid_min,1.000508188179755
mbr,persistence,mlp_s123,obs_noise,normalized_trapezoid,1.0036551285084445
mbr,persistence,mlp_s42,obs_noise,grid_mean,1.4706016209248767
mbr,persistence,mlp_s42,obs_noise,grid_min,1.1334323547895364
mbr,persistence,mlp_s42,obs_noise,normalized_trapezoid,1.313973418225111
mbr,persistence,mlp_s7,obs_noise,grid_mean,1.9013574224605865
mbr,persistence,mlp_s7,obs_noise,grid_min,1.1952921189827157
mbr,persistence,mlp_s7,obs_noise,normalized_trapezoid,1.5404091433232936
mbr,persistence,ridge,obs_noise,grid_mean,1.3528144729349234
mbr,persistence,ridge,obs_noise,grid_min,0.8221013452671303
mbr,persistence,ridge,obs_noise,normalized_trapezoid,1.0954596665137604
mbr,history_mean,gru_s123,obs_noise,grid_mean,1.9130861442246971
mbr,history_mean,gru_s123,obs_noise,grid_min,0.6113176718826294
mbr,history_mean,gru_s123,obs_noise,normalized_trapezoid,1.2304699945733908
mbr,history_mean,gru_s42,obs_noise,grid_mean,2.524767186044976
mbr,history_mean,gru_s42,obs_noise,grid_min,0.6310502306796925
mbr,history_mean,gru_s42,obs_noise,normalized_trapezoid,1.4438830558701152
mbr,history_mean,gru_s7,obs_noise,grid_mean,2.4611734700854964
mbr,history_mean,gru_s7,obs_noise,grid_min,0.6275741317496297
mbr,history_mean,gru_s7,obs_noise,normalized_trapezoid,1.4151032421959593
mbr,history_mean,mlp_s123,obs_noise,grid_mean,0.8618296027892463
mbr,history_mean,mlp_s123,obs_noise,grid_min,0.5076785985535753
mbr,history_mean,mlp_s123,obs_noise,normalized_trapezoid,0.7125864469762417
mbr,history_mean,mlp_s42,obs_noise,grid_mean,1.2793006252945596
mbr,history_mean,mlp_s42,obs_noise,grid_min,0.5751270766526188
mbr,history_mean,mlp_s42,obs_noise,normalized_trapezoid,0.9535467949508055
mbr,history_mean,mlp_s7,obs_noise,grid_mean,1.6767253726392533
mbr,history_mean,mlp_s7,obs_noise,grid_min,0.6065160035634354
mbr,history_mean,mlp_s7,obs_noise,normalized_trapezoid,1.1376377663102617
mbr,history_mean,ridge,obs_noise,grid_mean,1.1933045379227218
mbr,history_mean,ridge,obs_noise,grid_min,0.41715126749091697
mbr,history_mean,ridge,obs_noise,normalized_trapezoid,0.8116336925379528
mbr,drift,gru_s123,obs_noise,grid_mean,6.077033977608754
mbr,drift,gru_s123,obs_noise,grid_min,4.499604345540824
mbr,drift,gru_s123,obs_noise,normalized_trapezoid,5.258198502449902
mbr,drift,gru_s42,obs_noise,grid_mean,7.8168547409808955
mbr,drift,gru_s42,obs_noise,grid_min,4.644845864632639
mbr,drift,gru_s42,obs_noise,normalized_trapezoid,5.980718908709095
mbr,drift,gru_s7,obs_noise,grid_mean,7.630275972690268
mbr,drift,gru_s7,obs_noise,grid_min,4.619260034923069
mbr,drift,gru_s7,obs_noise,normalized_trapezoid,5.879064875053078
mbr,drift,mlp_s123,obs_noise,grid_mean,2.9300006965756173
mbr,drift,mlp_s123,obs_noise,grid_min,2.606120078813146
mbr,drift,mlp_s123,obs_noise,normalized_trapezoid,3.286457798110379
mbr,drift,mlp_s42,obs_noise,grid_mean,4.218500534324681
mbr,drift,mlp_s42,obs_noise,grid_min,4.132730569581046
mbr,drift,mlp_s42,obs_noise,normalized_trapezoid,4.253401548310948
mbr,drift,mlp_s7,obs_noise,grid_mean,5.395522038920123
mbr,drift,mlp_s7,obs_noise,grid_min,4.464261660994581
mbr,drift,mlp_s7,obs_noise,normalized_trapezoid,4.938568373595394
mbr,drift,ridge,obs_noise,grid_mean,3.838848426125132
mbr,drift,ridge,obs_noise,grid_min,3.070442328567875
mbr,drift,ridge,obs_noise,normalized_trapezoid,3.5061595608055574
mbr,ar1,gru_s123,obs_noise,grid_mean,2.045302125227693
mbr,ar1,gru_s123,obs_noise,grid_min,1.1432265148178355
mbr,ar1,gru_s123,obs_noise,normalized_trapezoid,1.567827023514034
mbr,ar1,gru_s42,obs_noise,grid_mean,2.661609271960356
mbr,ar1,gru_s42,obs_noise,grid_min,1.1801284161689478
mbr,ar1,gru_s42,obs_noise,normalized_trapezoid,1.8038897071064404
mbr,ar1,gru_s7,obs_noise,grid_mean,2.596537868448119
mbr,ar1,gru_s7,obs_noise,grid_min,1.173627755959438
mbr,ar1,gru_s7,obs_noise,normalized_trapezoid,1.7712766133848818
mbr,ar1,mlp_s123,obs_noise,grid_mean,0.9574283734171993
mbr,ar1,mlp_s123,obs_noise,grid_min,0.9494108571810433
mbr,ar1,mlp_s123,obs_noise,normalized_trapezoid,0.9539655576674695
mbr,ar1,mlp_s42,obs_noise,grid_mean,1.396604977216841
mbr,ar1,mlp_s42,obs_noise,grid_min,1.0755464035484008
mbr,ar1,mlp_s42,obs_noise,normalized_trapezoid,1.2489586210770567
mbr,ar1,mlp_s7,obs_noise,grid_mean,1.8055278418711995
mbr,ar1,mlp_s7,obs_noise,grid_min,1.1342469043953882
mbr,ar1,mlp_s7,obs_noise,normalized_trapezoid,1.4641939077695918
mbr,ar1,ridge,obs_noise,grid_mean,1.284662382722471
mbr,ar1,ridge,obs_noise,grid_min,0.7801154974251199
mbr,ar1,ridge,obs_noise,normalized_trapezoid,1.0412783225335849
mbr,persistence,gru_s123,process,grid_mean,2.4606007854321295
mbr,persistence,gru_s123,process,grid_min,2.162707715342099
mbr,persistence,gru_s123,process,normalized_trapezoid,2.4320701990223177
mbr,persistence,gru_s42,process,grid_mean,3.326498190814237
mbr,persistence,gru_s42,process,grid_min,2.6518898066284704
mbr,persistence,gru_s42,process,normalized_trapezoid,3.255753809215835
mbr,persistence,gru_s7,process,grid_mean,3.2849873189766883
mbr,persistence,gru_s7,process,grid_min,2.633451486443247
mbr,persistence,gru_s7,process,normalized_trapezoid,3.2177761241653213
mbr,persistence,mlp_s123,process,grid_mean,0.9837603234431249
mbr,persistence,mlp_s123,process,grid_min,0.9578827339557869
mbr,persistence,mlp_s123,process,normalized_trapezoid,0.9784065062422408
mbr,persistence,mlp_s42,process,grid_mean,1.5287267834838218
mbr,persistence,mlp_s42,process,grid_min,1.4332310987377324
mbr,persistence,mlp_s42,process,normalized_trapezoid,1.516055647974499
mbr,persistence,mlp_s7,process,grid_mean,2.0983094042712684
mbr,persistence,mlp_s7,process,grid_min,1.8867440100656772
mbr,persistence,mlp_s7,process,normalized_trapezoid,2.0760278861174033
mbr,persistence,ridge,process,grid_mean,1.5168065082469449
mbr,persistence,ridge,process,grid_min,1.456810493093111
mbr,persistence,ridge,process,normalized_trapezoid,1.5085486494328075
mbr,history_mean,gru_s123,process,grid_mean,2.3890227642204476
mbr,history_mean,gru_s123,process,grid_min,2.0884454164144266
mbr,history_mean,gru_s123,process,normalized_trapezoid,2.3597904450464005
mbr,history_mean,gru_s42,process,grid_mean,3.2302912354408733
mbr,history_mean,gru_s42,process,grid_min,2.560830144638066
mbr,history_mean,gru_s42,process,normalized_trapezoid,3.159434104683864
mbr,history_mean,gru_s7,process,grid_mean,3.189948138628171
mbr,history_mean,gru_s7,process,grid_min,2.5430249530238496
mbr,history_mean,gru_s7,process,normalized_trapezoid,3.1225558208693474
mbr,history_mean,mlp_s123,process,grid_mean,0.9549775687782844
mbr,history_mean,mlp_s123,process,grid_min,0.9249912926287611
mbr,history_mean,mlp_s123,process,normalized_trapezoid,0.9491988604640943
mbr,history_mean,mlp_s42,process,grid_mean,1.4841002243977826
mbr,history_mean,mlp_s42,process,grid_min,1.3840173119962993
mbr,history_mean,mlp_s42,process,normalized_trapezoid,1.470875282714145
mbr,history_mean,mlp_s7,process,grid_mean,2.037197524528427
mbr,history_mean,mlp_s7,process,grid_min,1.821957656051432
mbr,history_mean,mlp_s7,process,normalized_trapezoid,2.0142713623663027
mbr,history_mean,ridge,process,grid_mean,1.4724566188022774
mbr,history_mean,ridge,process,grid_min,1.4067870453791247
mbr,history_mean,ridge,process,normalized_trapezoid,1.4635375045569092
mbr,drift,gru_s123,process,grid_mean,6.377204139346425
mbr,drift,gru_s123,process,grid_min,5.536754941117903
mbr,drift,gru_s123,process,normalized_trapezoid,6.319207446482897
mbr,drift,gru_s42,process,grid_mean,8.622300526833987
mbr,drift,gru_s42,process,grid_min,6.7891115780422675
mbr,drift,gru_s42,process,normalized_trapezoid,8.460498559102632
mbr,drift,gru_s7,process,grid_mean,8.5146880339791
mbr,drift,gru_s7,process,grid_min,6.741907575547044
mbr,drift,gru_s7,process,normalized_trapezoid,8.361768892782441
mbr,drift,mlp_s123,process,grid_mean,2.5492004527651897
mbr,drift,mlp_s123,process,grid_min,2.4522786517189203
mbr,drift,mlp_s123,process,normalized_trapezoid,2.541706269956479
mbr,drift,mlp_s42,process,grid_mean,3.9615951840314274
mbr,drift,mlp_s42,process,grid_min,3.6692195211615757
mbr,drift,mlp_s42,process,normalized_trapezoid,3.93867092496579
mbr,drift,mlp_s7,process,grid_mean,5.438021577631209
mbr,drift,mlp_s7,process,grid_min,4.830259376359287
mbr,drift,mlp_s7,process,normalized_trapezoid,5.3938782056686225
mbr,drift,ridge,process,grid_mean,3.930597789414358
mbr,drift,ridge,process,grid_min,3.7295852040874626
mbr,drift,ridge,process,normalized_trapezoid,3.9190323425786007
mbr,ar1,gru_s123,process,grid_mean,2.4052292239778477
mbr,ar1,gru_s123,process,grid_min,2.182639969492539
mbr,ar1,gru_s123,process,normalized_trapezoid,2.3920257202518584
mbr,ar1,gru_s42,process,grid_mean,3.2477694590998607
mbr,ar1,gru_s42,process,grid_min,2.6763305302776756
mbr,ar1,gru_s42,process,normalized_trapezoid,3.199231964868773
mbr,ar1,gru_s7,process,grid_mean,3.207477541013201
mbr,ar1,gru_s7,process,grid_min,2.6577222762260164
mbr,ar1,gru_s7,process,normalized_trapezoid,3.1620789835478065
mbr,ar1,mlp_s123,process,grid_mean,0.962735336824903
mbr,ar1,mlp_s123,process,grid_min,0.9599986506993574
mbr,ar1,mlp_s123,process,normalized_trapezoid,0.9631360446828984
mbr,ar1,mlp_s42,process,grid_mean,1.4953694553448622
mbr,ar1,mlp_s42,process,grid_min,1.4464402468411488
mbr,ar1,mlp_s42,process,normalized_trapezoid,1.4918901717868678
mbr,ar1,mlp_s7,process,grid_mean,2.051572940517477
mbr,ar1,mlp_s7,process,grid_min,1.904132888303207
mbr,ar1,mlp_s7,process,normalized_trapezoid,2.0422171305622623
mbr,ar1,ridge,process,grid_mean,1.4842061514580687
mbr,ar1,ridge,process,grid_min,1.470236956961238
mbr,ar1,ridge,process,normalized_trapezoid,1.4848660543572985
tep,persistence,gru_s123,actuation_idv14,grid_mean,1.2906791700189528
tep,persistence,gru_s123,actuation_idv14,grid_min,1.036732864334764
tep,persistence,gru_s123,actuation_idv14,normalized_trapezoid,1.138592193519332
tep,persistence,gru_s2024,actuation_idv14,grid_mean,1.294200081684193
tep,persistence,gru_s2024,actuation_idv14,grid_min,1.0375598310253862
tep,persistence,gru_s2024,actuation_idv14,normalized_trapezoid,1.1418971864643686
tep,persistence,gru_s31337,actuation_idv14,grid_mean,1.2888091262819168
tep,persistence,gru_s31337,actuation_idv14,grid_min,1.0351487259901093
tep,persistence,gru_s31337,actuation_idv14,normalized_trapezoid,1.1361739034604081
tep,persistence,gru_s42,actuation_idv14,grid_mean,1.2886314724221468
tep,persistence,gru_s42,actuation_idv14,grid_min,1.0304176204173296
tep,persistence,gru_s42,actuation_idv14,normalized_trapezoid,1.1345345341712918
tep,persistence,gru_s7,actuation_idv14,grid_mean,1.2890465081438585
tep,persistence,gru_s7,actuation_idv14,grid_min,1.0274890045987748
tep,persistence,gru_s7,actuation_idv14,normalized_trapezoid,1.1327052001039564
tep,persistence,mlp_s123,actuation_idv14,grid_mean,1.3605193608777244
tep,persistence,mlp_s123,actuation_idv14,grid_min,1.1783427496789651
tep,persistence,mlp_s123,actuation_idv14,normalized_trapezoid,1.2503372112879085
tep,persistence,mlp_s2024,actuation_idv14,grid_mean,1.3544306910518755
tep,persistence,mlp_s2024,actuation_idv14,grid_min,1.1826188175626828
tep,persistence,mlp_s2024,actuation_idv14,normalized_trapezoid,1.2474671736996377
tep,persistence,mlp_s31337,actuation_idv14,grid_mean,1.3628024927161657
tep,persistence,mlp_s31337,actuation_idv14,grid_min,1.1749754738013747
tep,persistence,mlp_s31337,actuation_idv14,normalized_trapezoid,1.2495188140599742
tep,persistence,mlp_s42,actuation_idv14,grid_mean,1.3543820717308015
tep,persistence,mlp_s42,actuation_idv14,grid_min,1.173579336547628
tep,persistence,mlp_s42,actuation_idv14,normalized_trapezoid,1.2460838496633975
tep,persistence,mlp_s7,actuation_idv14,grid_mean,1.3518445732040039
tep,persistence,mlp_s7,actuation_idv14,grid_min,1.175594627603371
tep,persistence,mlp_s7,actuation_idv14,normalized_trapezoid,1.2452036861393554
tep,persistence,ridge,actuation_idv14,grid_mean,1.3774518291580673
tep,persistence,ridge,actuation_idv14,grid_min,1.1679101431427468
tep,persistence,ridge,actuation_idv14,normalized_trapezoid,1.2636438836405444
tep,history_mean,gru_s123,actuation_idv14,grid_mean,1.12539238510449
tep,history_mean,gru_s123,actuation_idv14,grid_min,0.8425423259728619
tep,history_mean,gru_s123,actuation_idv14,normalized_trapezoid,0.9512241967481385
tep,history_mean,gru_s2024,actuation_idv14,grid_mean,1.1283922706228873
tep,history_mean,gru_s2024,actuation_idv14,grid_min,0.8452206267381804
tep,history_mean,gru_s2024,actuation_idv14,normalized_trapezoid,0.9539662675427701
tep,history_mean,gru_s31337,actuation_idv14,grid_mean,1.1238734852121364
tep,history_mean,gru_s31337,actuation_idv14,grid_min,0.8403649010482683
tep,history_mean,gru_s31337,actuation_idv14,normalized_trapezoid,0.949241256875084
tep,history_mean,gru_s42,actuation_idv14,grid_mean,1.1238329419677606
tep,history_mean,gru_s42,actuation_idv14,grid_min,0.8377484067897661
tep,history_mean,gru_s42,actuation_idv14,normalized_trapezoid,0.9479408415437863
tep,history_mean,gru_s7,actuation_idv14,grid_mean,1.124357265279388
tep,history_mean,gru_s7,actuation_idv14,grid_min,0.8331831055433204
tep,history_mean,gru_s7,actuation_idv14,normalized_trapezoid,0.9465234387065202
tep,history_mean,mlp_s123,actuation_idv14,grid_mean,1.1815083660403283
tep,history_mean,mlp_s123,actuation_idv14,grid_min,0.9724506027210388
tep,history_mean,mlp_s123,actuation_idv14,normalized_trapezoid,1.04206280229765
tep,history_mean,mlp_s2024,actuation_idv14,grid_mean,1.1758591857439635
tep,history_mean,mlp_s2024,actuation_idv14,grid_min,0.9733930748693471
tep,history_mean,mlp_s2024,actuation_idv14,normalized_trapezoid,1.039558320114903
tep,history_mean,mlp_s31337,actuation_idv14,grid_mean,1.1839052770111456
tep,history_mean,mlp_s31337,actuation_idv14,grid_min,0.9696716918671442
tep,history_mean,mlp_s31337,actuation_idv14,normalized_trapezoid,1.0415183282181508
tep,history_mean,mlp_s42,actuation_idv14,grid_mean,1.1759298835354477
tep,history_mean,mlp_s42,actuation_idv14,grid_min,0.9685195020528841
tep,history_mean,mlp_s42,actuation_idv14,normalized_trapezoid,1.0384597244169251
tep,history_mean,mlp_s7,actuation_idv14,grid_mean,1.1735941761940965
tep,history_mean,mlp_s7,actuation_idv14,grid_min,0.9701826607580653
tep,history_mean,mlp_s7,actuation_idv14,normalized_trapezoid,1.0376574544035124
tep,history_mean,ridge,actuation_idv14,grid_mean,1.1962953444611362
tep,history_mean,ridge,actuation_idv14,grid_min,0.9638408883430609
tep,history_mean,ridge,actuation_idv14,normalized_trapezoid,1.0532131288175415
tep,drift,gru_s123,actuation_idv14,grid_mean,2.0228480463307332
tep,drift,gru_s123,actuation_idv14,grid_min,1.5460914810407327
tep,drift,gru_s123,actuation_idv14,normalized_trapezoid,1.7253970388802944
tep,drift,gru_s2024,actuation_idv14,grid_mean,2.0282495777242913
tep,drift,gru_s2024,actuation_idv14,grid_min,1.550304538100795
tep,drift,gru_s2024,actuation_idv14,normalized_trapezoid,1.7303659877611
tep,drift,gru_s31337,actuation_idv14,grid_mean,2.0200985527633053
tep,drift,gru_s31337,actuation_idv14,grid_min,1.5415110628196371
tep,drift,gru_s31337,actuation_idv14,normalized_trapezoid,1.7218003103885737
tep,drift,gru_s42,actuation_idv14,grid_mean,2.019975556631739
tep,drift,gru_s42,actuation_idv14,grid_min,1.5400016818332505
tep,drift,gru_s42,actuation_idv14,normalized_trapezoid,1.7193727770297458
tep,drift,gru_s7,actuation_idv14,grid_mean,2.0208454035916916
tep,drift,gru_s7,actuation_idv14,grid_min,1.5371862204226092
tep,drift,gru_s7,actuation_idv14,normalized_trapezoid,1.7166968880629074
tep,drift,mlp_s123,actuation_idv14,grid_mean,2.1252254796666374
tep,drift,mlp_s123,actuation_idv14,grid_min,1.6975857252733035
tep,drift,mlp_s123,actuation_idv14,normalized_trapezoid,1.8919498373550414
tep,drift,mlp_s2024,actuation_idv14,grid_mean,2.1151663713209947
tep,drift,mlp_s2024,actuation_idv14,grid_min,1.6942118485021629
tep,drift,mlp_s2024,actuation_idv14,normalized_trapezoid,1.8874486572818656
tep,drift,mlp_s31337,actuation_idv14,grid_mean,2.129418932432868
tep,drift,mlp_s31337,actuation_idv14,grid_min,1.6960939862692763
tep,drift,mlp_s31337,actuation_idv14,normalized_trapezoid,1.890901651759353
tep,drift,mlp_s42,actuation_idv14,grid_mean,2.1152306146231266
tep,drift,mlp_s42,actuation_idv14,grid_min,1.694330263613633
tep,drift,mlp_s42,actuation_idv14,normalized_trapezoid,1.885382672439142
tep,drift,mlp_s7,actuation_idv14,grid_mean,2.111086672690803
tep,drift,mlp_s7,actuation_idv14,grid_min,1.691995058414504
tep,drift,mlp_s7,actuation_idv14,normalized_trapezoid,1.8839943954738623
tep,drift,ridge,actuation_idv14,grid_mean,2.1517366401089615
tep,drift,ridge,actuation_idv14,grid_min,1.7177695535599746
tep,drift,ridge,actuation_idv14,normalized_trapezoid,1.9120743288590618
tep,ar1,gru_s123,actuation_idv14,grid_mean,1.0502520839288656
tep,ar1,gru_s123,actuation_idv14,grid_min,0.8463487850457719
tep,ar1,gru_s123,actuation_idv14,normalized_trapezoid,0.9304143302352055
tep,ar1,gru_s2024,actuation_idv14,grid_mean,1.0531212936043786
tep,ar1,gru_s2024,actuation_idv14,grid_min,0.8490391859061645
tep,ar1,gru_s2024,actuation_idv14,normalized_trapezoid,0.9331101146530703
tep,ar1,gru_s31337,actuation_idv14,grid_mean,1.0487154285916545
tep,ar1,gru_s31337,actuation_idv14,grid_min,0.8441615228956713
tep,ar1,gru_s31337,actuation_idv14,normalized_trapezoid,0.9284347850919233
tep,ar1,gru_s42,actuation_idv14,grid_mean,1.048550561193406
tep,ar1,gru_s42,actuation_idv14,grid_min,0.841533207773098
tep,ar1,gru_s42,actuation_idv14,normalized_trapezoid,0.9270892644627649
tep,ar1,gru_s7,actuation_idv14,grid_mean,1.048871444194233
tep,ar1,gru_s7,actuation_idv14,grid_min,0.8369472812929822
tep,ar1,gru_s7,actuation_idv14,normalized_trapezoid,0.9256028780251933
tep,ar1,mlp_s123,actuation_idv14,grid_mean,1.1077679814857138
tep,ar1,mlp_s123,actuation_idv14,grid_min,0.9805445665056612
tep,ar1,mlp_s123,actuation_idv14,normalized_trapezoid,1.0217949722440367
tep,ar1,mlp_s2024,actuation_idv14,grid_mean,1.1028809070100316
tep,ar1,mlp_s2024,actuation_idv14,grid_min,0.9777906947717846
tep,ar1,mlp_s2024,actuation_idv14,normalized_trapezoid,1.0194908832388296
tep,ar1,mlp_s31337,actuation_idv14,grid_mean,1.1095655324494857
tep,ar1,mlp_s31337,actuation_idv14,grid_min,0.9781564187024496
tep,ar1,mlp_s31337,actuation_idv14,normalized_trapezoid,1.021105613167244
tep,ar1,mlp_s42,actuation_idv14,grid_mean,1.1028068565124498
tep,ar1,mlp_s42,actuation_idv14,grid_min,0.9769941471090489
tep,ar1,mlp_s42,actuation_idv14,normalized_trapezoid,1.0183332824933686
tep,ar1,mlp_s7,actuation_idv14,grid_mean,1.1007619863186828
tep,ar1,mlp_s7,actuation_idv14,grid_min,0.9775597769851178
tep,ar1,mlp_s7,actuation_idv14,normalized_trapezoid,1.0176190242442549
tep,ar1,ridge,actuation_idv14,grid_mean,1.1214768881442965
tep,ar1,ridge,actuation_idv14,grid_min,0.9722745950490308
tep,ar1,ridge,actuation_idv14,normalized_trapezoid,1.0325809600094258
tep,persistence,gru_s123,actuation_idv6,grid_mean,1.9409968769960224
tep,persistence,gru_s123,actuation_idv6,grid_min,1.5843965274909573
tep,persistence,gru_s123,actuation_idv6,normalized_trapezoid,1.9124408496633205
tep,persistence,gru_s2024,actuation_idv6,grid_mean,1.9443972767111475
tep,persistence,gru_s2024,actuation_idv6,grid_min,1.6101240724681394
tep,persistence,gru_s2024,actuation_idv6,normalized_trapezoid,1.9156596259362704
tep,persistence,gru_s31337,actuation_idv6,grid_mean,1.9423538889818983
tep,persistence,gru_s31337,actuation_idv6,grid_min,1.592754285506956
tep,persistence,gru_s31337,actuation_idv6,normalized_trapezoid,1.913493587402257
tep,persistence,gru_s42,actuation_idv6,grid_mean,1.940248653579328
tep,persistence,gru_s42,actuation_idv6,grid_min,1.5912640195204268
tep,persistence,gru_s42,actuation_idv6,normalized_trapezoid,1.908534549601082
tep,persistence,gru_s7,actuation_idv6,grid_mean,1.9480645848870597
tep,persistence,gru_s7,actuation_idv6,grid_min,1.5986694819544545
tep,persistence,gru_s7,actuation_idv6,normalized_trapezoid,1.9177193004438817
tep,persistence,mlp_s123,actuation_idv6,grid_mean,1.9008581666078752
tep,persistence,mlp_s123,actuation_idv6,grid_min,1.603898471047083
tep,persistence,mlp_s123,actuation_idv6,normalized_trapezoid,1.8755538656306185
tep,persistence,mlp_s2024,actuation_idv6,grid_mean,1.888741159491215
tep,persistence,mlp_s2024,actuation_idv6,grid_min,1.6089681288346116
tep,persistence,mlp_s2024,actuation_idv6,normalized_trapezoid,1.8687484183835195
tep,persistence,mlp_s31337,actuation_idv6,grid_mean,1.922763577173798
tep,persistence,mlp_s31337,actuation_idv6,grid_min,1.6253236428876112
tep,persistence,mlp_s31337,actuation_idv6,normalized_trapezoid,1.8977806161018478
tep,persistence,mlp_s42,actuation_idv6,grid_mean,1.888707279593289
tep,persistence,mlp_s42,actuation_idv6,grid_min,1.6159582746321237
tep,persistence,mlp_s42,actuation_idv6,normalized_trapezoid,1.867139137786154
tep,persistence,mlp_s7,actuation_idv6,grid_mean,1.8706683774155963
tep,persistence,mlp_s7,actuation_idv6,grid_min,1.573350402017353
tep,persistence,mlp_s7,actuation_idv6,normalized_trapezoid,1.8448227355652516
tep,persistence,ridge,actuation_idv6,grid_mean,1.957170789854581
tep,persistence,ridge,actuation_idv6,grid_min,1.7940145199410267
tep,persistence,ridge,actuation_idv6,normalized_trapezoid,1.9434026945092027
tep,history_mean,gru_s123,actuation_idv6,grid_mean,1.9052092493477448
tep,history_mean,gru_s123,actuation_idv6,grid_min,1.5731514022930506
tep,history_mean,gru_s123,actuation_idv6,normalized_trapezoid,1.8762252819985086
tep,history_mean,gru_s2024,actuation_idv6,grid_mean,1.908583733003419
tep,history_mean,gru_s2024,actuation_idv6,grid_min,1.598696348117001
tep,history_mean,gru_s2024,actuation_idv6,normalized_trapezoid,1.879421002292418
tep,history_mean,gru_s31337,actuation_idv6,grid_mean,1.906553231297257
tep,history_mean,gru_s31337,actuation_idv6,grid_min,1.581449841802834
tep,history_mean,gru_s31337,actuation_idv6,normalized_trapezoid,1.8772705874020297
tep,history_mean,gru_s42,actuation_idv6,grid_mean,1.9044921683279084
tep,history_mean,gru_s42,actuation_idv6,grid_min,1.5799701528576613
tep,history_mean,gru_s42,actuation_idv6,normalized_trapezoid,1.8724146752467428
tep,history_mean,gru_s7,actuation_idv6,grid_mean,1.9121630926279916
tep,history_mean,gru_s7,actuation_idv6,grid_min,1.5873230556257378
tep,history_mean,gru_s7,actuation_idv6,normalized_trapezoid,1.8814226077997298
tep,history_mean,mlp_s123,actuation_idv6,grid_mean,1.865889342200116
tep,history_mean,mlp_s123,actuation_idv6,grid_min,1.5925149323945353
tep,history_mean,mlp_s123,actuation_idv6,normalized_trapezoid,1.8401145036945916
tep,history_mean,mlp_s2024,actuation_idv6,grid_mean,1.854010789634854
tep,history_mean,mlp_s2024,actuation_idv6,grid_min,1.5975486086991824
tep,history_mean,mlp_s2024,actuation_idv6,normalized_trapezoid,1.8334470476155418
tep,history_mean,mlp_s31337,actuation_idv6,grid_mean,1.887395362632288
tep,history_mean,mlp_s31337,actuation_idv6,grid_min,1.6137880408244507
tep,history_mean,mlp_s31337,actuation_idv6,normalized_trapezoid,1.8619241929434995
tep,history_mean,mlp_s42,actuation_idv6,grid_mean,1.8539914279262781
tep,history_mean,mlp_s42,actuation_idv6,grid_min,1.6044891425067156
tep,history_mean,mlp_s42,actuation_idv6,normalized_trapezoid,1.8318845148659393
tep,history_mean,mlp_s7,actuation_idv6,grid_mean,1.836248478746862
tep,history_mean,mlp_s7,actuation_idv6,grid_min,1.5621836757945433
tep,history_mean,mlp_s7,actuation_idv6,normalized_trapezoid,1.8099588781908713
tep,history_mean,ridge,actuation_idv6,grid_mean,1.921372239654314
tep,history_mean,ridge,actuation_idv6,grid_min,1.7812816481292293
tep,history_mean,ridge,actuation_idv6,normalized_trapezoid,1.906877475092887
tep,drift,gru_s123,actuation_idv6,grid_mean,3.3712827253075113
tep,drift,gru_s123,actuation_idv6,grid_min,2.6961195369955417
tep,drift,gru_s123,actuation_idv6,normalized_trapezoid,3.3291026949434785
tep,drift,gru_s2024,actuation_idv6,grid_mean,3.37707128327277
tep,drift,gru_s2024,actuation_idv6,grid_min,2.7398993203063253
tep,drift,gru_s2024,actuation_idv6,normalized_trapezoid,3.334581307557286
tep,drift,gru_s31337,actuation_idv6,grid_mean,3.3735994183830202
tep,drift,gru_s31337,actuation_idv6,grid_min,2.7103416804308718
tep,drift,gru_s31337,actuation_idv6,normalized_trapezoid,3.330893306059327
tep,drift,gru_s42,actuation_idv6,grid_mean,3.369905685006229
tep,drift,gru_s42,actuation_idv6,grid_min,2.7078057399816937
tep,drift,gru_s42,actuation_idv6,normalized_trapezoid,3.322214085368162
tep,drift,gru_s7,actuation_idv6,grid_mean,3.3834940928879833
tep,drift,gru_s7,actuation_idv6,grid_min,2.7204073908957405
tep,drift,gru_s7,actuation_idv6,normalized_trapezoid,3.338220607411187
tep,drift,mlp_s123,actuation_idv6,grid_mean,3.3013361049340966
tep,drift,mlp_s123,actuation_idv6,grid_min,2.729305403108439
tep,drift,mlp_s123,actuation_idv6,normalized_trapezoid,3.264651872830118
tep,drift,mlp_s2024,actuation_idv6,grid_mean,3.2802790387306273
tep,drift,mlp_s2024,actuation_idv6,grid_min,2.737932286069665
tep,drift,mlp_s2024,actuation_idv6,normalized_trapezoid,3.2528039004306244
tep,drift,mlp_s31337,actuation_idv6,grid_mean,3.3393736734217523
tep,drift,mlp_s31337,actuation_idv6,grid_min,2.7657639684867736
tep,drift,mlp_s31337,actuation_idv6,normalized_trapezoid,3.303334329508547
tep,drift,mlp_s42,actuation_idv6,grid_mean,3.2801650998301857
tep,drift,mlp_s42,actuation_idv6,grid_min,2.7498272052544253
tep,drift,mlp_s42,actuation_idv6,normalized_trapezoid,3.249940378300697
tep,drift,mlp_s7,actuation_idv6,grid_mean,3.248917966279749
tep,drift,mlp_s7,actuation_idv6,grid_min,2.6773226801603083
tep,drift,mlp_s7,actuation_idv6,normalized_trapezoid,3.2111711181109053
tep,drift,ridge,actuation_idv6,grid_mean,3.3985713668395117
tep,drift,ridge,actuation_idv6,grid_min,3.052820119800651
tep,drift,ridge,actuation_idv6,normalized_trapezoid,3.3821783916234494
tep,ar1,gru_s123,actuation_idv6,grid_mean,1.5539752752666196
tep,ar1,gru_s123,actuation_idv6,grid_min,1.31219948915897
tep,ar1,gru_s123,actuation_idv6,normalized_trapezoid,1.5300042344363656
tep,ar1,gru_s2024,actuation_idv6,grid_mean,1.5567908451727623
tep,ar1,gru_s2024,actuation_idv6,grid_min,1.3335070790145436
tep,ar1,gru_s2024,actuation_idv6,normalized_trapezoid,1.532676408355616
tep,ar1,gru_s31337,actuation_idv6,grid_mean,1.5550921741374433
tep,ar1,gru_s31337,actuation_idv6,grid_min,1.3191213964017705
tep,ar1,gru_s31337,actuation_idv6,normalized_trapezoid,1.530878701428273
tep,ar1,gru_s42,actuation_idv6,grid_mean,1.553412705311072
tep,ar1,gru_s42,actuation_idv6,grid_min,1.3178871559623955
tep,ar1,gru_s42,actuation_idv6,normalized_trapezoid,1.5269229693323307
tep,ar1,gru_s7,actuation_idv6,grid_mean,1.5596721541591003
tep,ar1,gru_s7,actuation_idv6,grid_min,1.3240203706307623
tep,ar1,gru_s7,actuation_idv6,normalized_trapezoid,1.5342704302067183
tep,ar1,mlp_s123,actuation_idv6,grid_mean,1.522045696565717
tep,ar1,mlp_s123,actuation_idv6,grid_min,1.3283510269387704
tep,ar1,mlp_s123,actuation_idv6,normalized_trapezoid,1.5007023409511242
tep,ar1,mlp_s2024,actuation_idv6,grid_mean,1.5123950891482254
tep,ar1,mlp_s2024,actuation_idv6,grid_min,1.3325497248300997
tep,ar1,mlp_s2024,actuation_idv6,normalized_trapezoid,1.49530033712206
tep,ar1,mlp_s31337,actuation_idv6,grid_mean,1.53959603512348
tep,ar1,mlp_s31337,actuation_idv6,grid_min,1.3460953851574833
tep,ar1,mlp_s31337,actuation_idv6,normalized_trapezoid,1.5184961578898197
tep,ar1,mlp_s42,actuation_idv6,grid_mean,1.5123991930456886
tep,ar1,mlp_s42,actuation_idv6,grid_min,1.3383389736611153
tep,ar1,mlp_s42,actuation_idv6,normalized_trapezoid,1.494048267475195
tep,ar1,mlp_s7,actuation_idv6,grid_mean,1.497852321129438
tep,ar1,mlp_s7,actuation_idv6,grid_min,1.3030510721104906
tep,ar1,mlp_s7,actuation_idv6,normalized_trapezoid,1.4760940390519017
tep,ar1,ridge,actuation_idv6,grid_mean,1.5676884471060584
tep,ar1,ridge,actuation_idv6,grid_min,1.4858054128270142
tep,ar1,ridge,actuation_idv6,normalized_trapezoid,1.5555400375648873
tep,persistence,gru_s123,dynamics_idv13,grid_mean,1.7626016443653494
tep,persistence,gru_s123,dynamics_idv13,grid_min,1.3712006310923452
tep,persistence,gru_s123,dynamics_idv13,normalized_trapezoid,1.6155577717625675
tep,persistence,gru_s2024,dynamics_idv13,grid_mean,1.7650592587105853
tep,persistence,gru_s2024,dynamics_idv13,grid_min,1.3732989799444377
tep,persistence,gru_s2024,dynamics_idv13,normalized_trapezoid,1.6180903911117364
tep,persistence,gru_s31337,dynamics_idv13,grid_mean,1.7611068461835258
tep,persistence,gru_s31337,dynamics_idv13,grid_min,1.3725249164573396
tep,persistence,gru_s31337,dynamics_idv13,normalized_trapezoid,1.6146199090628637
tep,persistence,gru_s42,dynamics_idv13,grid_mean,1.7673727650323476
tep,persistence,gru_s42,dynamics_idv13,grid_min,1.3749166834176865
tep,persistence,gru_s42,dynamics_idv13,normalized_trapezoid,1.620338254567374
tep,persistence,gru_s7,dynamics_idv13,grid_mean,1.772048861261147
tep,persistence,gru_s7,dynamics_idv13,grid_min,1.376628197878325
tep,persistence,gru_s7,dynamics_idv13,normalized_trapezoid,1.6239656707105368
tep,persistence,mlp_s123,dynamics_idv13,grid_mean,1.7268237307591014
tep,persistence,mlp_s123,dynamics_idv13,grid_min,1.3608327248451
tep,persistence,mlp_s123,dynamics_idv13,normalized_trapezoid,1.5896514640379376
tep,persistence,mlp_s2024,dynamics_idv13,grid_mean,1.7120898465419794
tep,persistence,mlp_s2024,dynamics_idv13,grid_min,1.3530298118990958
tep,persistence,mlp_s2024,dynamics_idv13,normalized_trapezoid,1.5781332636310434
tep,persistence,mlp_s31337,dynamics_idv13,grid_mean,1.7467459703875043
tep,persistence,mlp_s31337,dynamics_idv13,grid_min,1.369813134370837
tep,persistence,mlp_s31337,dynamics_idv13,normalized_trapezoid,1.606386388807284
tep,persistence,mlp_s42,dynamics_idv13,grid_mean,1.7122502099541967
tep,persistence,mlp_s42,dynamics_idv13,grid_min,1.3529634628992027
tep,persistence,mlp_s42,dynamics_idv13,normalized_trapezoid,1.5782494089833659
tep,persistence,mlp_s7,dynamics_idv13,grid_mean,1.711522988932075
tep,persistence,mlp_s7,dynamics_idv13,grid_min,1.35721124396504
tep,persistence,mlp_s7,dynamics_idv13,normalized_trapezoid,1.579605531960749
tep,persistence,ridge,dynamics_idv13,grid_mean,1.7429150268009534
tep,persistence,ridge,dynamics_idv13,grid_min,1.3665579581583231
tep,persistence,ridge,dynamics_idv13,normalized_trapezoid,1.601906249233721
tep,history_mean,gru_s123,dynamics_idv13,grid_mean,1.7429559360163753
tep,history_mean,gru_s123,dynamics_idv13,grid_min,1.3699478427830596
tep,history_mean,gru_s123,dynamics_idv13,normalized_trapezoid,1.604529329710082
tep,history_mean,gru_s2024,dynamics_idv13,grid_mean,1.7453905153703895
tep,history_mean,gru_s2024,dynamics_idv13,grid_min,1.3720442744927215
tep,history_mean,gru_s2024,dynamics_idv13,normalized_trapezoid,1.607048288462731
tep,history_mean,gru_s31337,dynamics_idv13,grid_mean,1.7414828455824014
tep,history_mean,gru_s31337,dynamics_idv13,grid_min,1.3712709182235645
tep,history_mean,gru_s31337,dynamics_idv13,normalized_trapezoid,1.603607303136089
tep,history_mean,gru_s42,dynamics_idv13,grid_mean,1.7476789779019914
tep,history_mean,gru_s42,dynamics_idv13,grid_min,1.3736604999619835
tep,history_mean,gru_s42,dynamics_idv13,normalized_trapezoid,1.6092797931452123
tep,history_mean,gru_s7,dynamics_idv13,grid_mean,1.7522944988270122
tep,history_mean,gru_s7,dynamics_idv13,grid_min,1.3753704507088527
tep,history_mean,gru_s7,dynamics_idv13,normalized_trapezoid,1.612873037107471
tep,history_mean,mlp_s123,dynamics_idv13,grid_mean,1.7076662904333098
tep,history_mean,mlp_s123,dynamics_idv13,grid_min,1.3595894091041925
tep,history_mean,mlp_s123,dynamics_idv13,normalized_trapezoid,1.578884782092441
tep,history_mean,mlp_s2024,dynamics_idv13,grid_mean,1.6931198703409662
tep,history_mean,mlp_s2024,dynamics_idv13,grid_min,1.351793625237548
tep,history_mean,mlp_s2024,dynamics_idv13,normalized_trapezoid,1.5674614648091267
tep,history_mean,mlp_s31337,dynamics_idv13,grid_mean,1.7273481270015143
tep,history_mean,mlp_s31337,dynamics_idv13,grid_min,1.368561613738675
tep,history_mean,mlp_s31337,dynamics_idv13,normalized_trapezoid,1.5954816775898566
tep,history_mean,mlp_s42,dynamics_idv13,grid_mean,1.6932800797306824
tep,history_mean,mlp_s42,dynamics_idv13,grid_min,1.351727336856976
tep,history_mean,mlp_s42,dynamics_idv13,normalized_trapezoid,1.5675796174695253
tep,history_mean,mlp_s7,dynamics_idv13,grid_mean,1.6925854235308746
tep,history_mean,mlp_s7,dynamics_idv13,grid_min,1.3559712369659793
tep,history_mean,mlp_s7,dynamics_idv13,normalized_trapezoid,1.5689461219382885
tep,history_mean,ridge,dynamics_idv13,grid_mean,1.7235464952918835
tep,history_mean,ridge,dynamics_idv13,grid_min,1.3653094115961921
tep,history_mean,ridge,dynamics_idv13,normalized_trapezoid,1.5910267745300015
tep,drift,gru_s123,dynamics_idv13,grid_mean,2.884752217740227
tep,drift,gru_s123,dynamics_idv13,grid_min,1.9335530741057725
tep,drift,gru_s123,dynamics_idv13,normalized_trapezoid,2.5345262234075867
tep,drift,gru_s2024,dynamics_idv13,grid_mean,2.888717126804152
tep,drift,gru_s2024,dynamics_idv13,grid_min,1.936511991117266
tep,drift,gru_s2024,dynamics_idv13,normalized_trapezoid,2.53845350759153
tep,drift,gru_s31337,dynamics_idv13,grid_mean,2.882195331337234
tep,drift,gru_s31337,dynamics_idv13,grid_min,1.935420471174018
tep,drift,gru_s31337,dynamics_idv13,normalized_trapezoid,2.5328644822566493
tep,drift,gru_s42,dynamics_idv13,grid_mean,2.892498515483779
tep,drift,gru_s42,dynamics_idv13,grid_min,1.9387931419953834
tep,drift,gru_s42,dynamics_idv13,normalized_trapezoid,2.5420023466706456
tep,drift,gru_s7,dynamics_idv13,grid_mean,2.900289089199762
tep,drift,gru_s7,dynamics_idv13,grid_min,1.9412065773247618
tep,drift,gru_s7,dynamics_idv13,normalized_trapezoid,2.547858453395933
tep,drift,mlp_s123,dynamics_idv13,grid_mean,2.8248392117333654
tep,drift,mlp_s123,dynamics_idv13,grid_min,1.9189331151137525
tep,drift,mlp_s123,dynamics_idv13,normalized_trapezoid,2.492450285658482
tep,drift,mlp_s2024,dynamics_idv13,grid_mean,2.800392629605267
tep,drift,mlp_s2024,dynamics_idv13,grid_min,1.9079300963201375
tep,drift,mlp_s2024,dynamics_idv13,normalized_trapezoid,2.474111342238974
tep,drift,mlp_s31337,dynamics_idv13,grid_mean,2.8577730295029946
tep,drift,mlp_s31337,dynamics_idv13,grid_min,1.931596541640464
tep,drift,mlp_s31337,dynamics_idv13,normalized_trapezoid,2.519164232517076
tep,drift,mlp_s42,dynamics_idv13,grid_mean,2.8006354212647206
tep,drift,mlp_s42,dynamics_idv13,grid_min,1.9078365364793688
tep,drift,mlp_s42,dynamics_idv13,normalized_trapezoid,2.4742639782851836
tep,drift,mlp_s7,dynamics_idv13,grid_mean,2.7990839317620324
tep,drift,mlp_s7,dynamics_idv13,grid_min,1.9138264040098663
tep,drift,mlp_s7,dynamics_idv13,normalized_trapezoid,2.4760520992652335
tep,drift,ridge,dynamics_idv13,grid_mean,2.851653045738394
tep,drift,ridge,dynamics_idv13,grid_min,1.927006362909691
tep,drift,ridge,dynamics_idv13,normalized_trapezoid,2.512175523477188
tep,ar1,gru_s123,dynamics_idv13,grid_mean,1.4569965134652385
tep,ar1,gru_s123,dynamics_idv13,grid_min,1.2186066468567107
tep,ar1,gru_s123,dynamics_idv13,normalized_trapezoid,1.3665134876297456
tep,ar1,gru_s2024,dynamics_idv13,grid_mean,1.4590447310274774
tep,ar1,gru_s2024,dynamics_idv13,grid_min,1.2204714810761546
tep,ar1,gru_s2024,dynamics_idv13,normalized_trapezoid,1.368669256755253
tep,ar1,gru_s31337,dynamics_idv13,grid_mean,1.4557927394784849
tep,ar1,gru_s31337,dynamics_idv13,grid_min,1.2197835592001887
tep,ar1,gru_s31337,dynamics_idv13,normalized_trapezoid,1.3657741038805027
tep,ar1,gru_s42,dynamics_idv13,grid_mean,1.4609591889383187
tep,ar1,gru_s42,dynamics_idv13,grid_min,1.2219091585103996
tep,ar1,gru_s42,dynamics_idv13,normalized_trapezoid,1.3705651266391012
tep,ar1,gru_s7,dynamics_idv13,grid_mean,1.4647851238921357
tep,ar1,gru_s7,dynamics_idv13,grid_min,1.223430207181639
tep,ar1,gru_s7,dynamics_idv13,normalized_trapezoid,1.3735864419158064
tep,ar1,mlp_s123,dynamics_idv13,grid_mean,1.4278091583521242
tep,ar1,mlp_s123,dynamics_idv13,grid_min,1.2093925324664514
tep,ar1,mlp_s123,dynamics_idv13,normalized_trapezoid,1.3450061475694586
tep,ar1,mlp_s2024,dynamics_idv13,grid_mean,1.415724805947824
tep,ar1,mlp_s2024,dynamics_idv13,grid_min,1.2024579662438046
tep,ar1,mlp_s2024,dynamics_idv13,normalized_trapezoid,1.3353399897699818
tep,ar1,mlp_s31337,dynamics_idv13,grid_mean,1.444184096888066
tep,ar1,mlp_s31337,dynamics_idv13,grid_min,1.217373557628933
tep,ar1,mlp_s31337,dynamics_idv13,normalized_trapezoid,1.3590326520779727
tep,ar1,mlp_s42,dynamics_idv13,grid_mean,1.4158633333925987
tep,ar1,mlp_s42,dynamics_idv13,grid_min,1.2023990008885908
tep,ar1,mlp_s42,dynamics_idv13,normalized_trapezoid,1.335447068256733
tep,ar1,mlp_s7,dynamics_idv13,grid_mean,1.4153645692620356
tep,ar1,mlp_s7,dynamics_idv13,grid_min,1.206174067880135
tep,ar1,mlp_s7,dynamics_idv13,normalized_trapezoid,1.3366893662293549
tep,ar1,ridge,dynamics_idv13,grid_mean,1.4409746624659383
tep,ar1,ridge,dynamics_idv13,grid_min,1.2144806335160705
tep,ar1,ridge,dynamics_idv13,normalized_trapezoid,1.355231461324814
tep,persistence,gru_s123,obs_bias,grid_mean,1.8090909030699938
tep,persistence,gru_s123,obs_bias,grid_min,1.1875007676966847
tep,persistence,gru_s123,obs_bias,normalized_trapezoid,1.6318492352203215
tep,persistence,gru_s2024,obs_bias,grid_mean,1.8483452951394628
tep,persistence,gru_s2024,obs_bias,grid_min,1.4551042233531795
tep,persistence,gru_s2024,obs_bias,normalized_trapezoid,1.701269617694073
tep,persistence,gru_s31337,obs_bias,grid_mean,1.8159010303576628
tep,persistence,gru_s31337,obs_bias,grid_min,1.3612549372838927
tep,persistence,gru_s31337,obs_bias,normalized_trapezoid,1.6400715579012248
tep,persistence,gru_s42,obs_bias,grid_mean,1.8013789516234255
tep,persistence,gru_s42,obs_bias,grid_min,1.3229692859850706
tep,persistence,gru_s42,obs_bias,normalized_trapezoid,1.6145056718080637
tep,persistence,gru_s7,obs_bias,grid_mean,1.818039165433282
tep,persistence,gru_s7,obs_bias,grid_min,1.3253170807338397
tep,persistence,gru_s7,obs_bias,normalized_trapezoid,1.6323206997662063
tep,persistence,mlp_s123,obs_bias,grid_mean,1.7318947096860913
tep,persistence,mlp_s123,obs_bias,grid_min,1.2253882778169214
tep,persistence,mlp_s123,obs_bias,normalized_trapezoid,1.5320997223368735
tep,persistence,mlp_s2024,obs_bias,grid_mean,1.7584702488685087
tep,persistence,mlp_s2024,obs_bias,grid_min,1.3213808640406777
tep,persistence,mlp_s2024,obs_bias,normalized_trapezoid,1.5945644397213434
tep,persistence,mlp_s31337,obs_bias,grid_mean,1.7571580653425924
tep,persistence,mlp_s31337,obs_bias,grid_min,1.280213734654677
tep,persistence,mlp_s31337,obs_bias,normalized_trapezoid,1.5632028235183073
tep,persistence,mlp_s42,obs_bias,grid_mean,1.7269932598516566
tep,persistence,mlp_s42,obs_bias,grid_min,1.2350030078227097
tep,persistence,mlp_s42,obs_bias,normalized_trapezoid,1.5395850056130893
tep,persistence,mlp_s7,obs_bias,grid_mean,1.7453313979608542
tep,persistence,mlp_s7,obs_bias,grid_min,1.31520864022784
tep,persistence,mlp_s7,obs_bias,normalized_trapezoid,1.5785580674493191
tep,persistence,ridge,obs_bias,grid_mean,1.6450055665255838
tep,persistence,ridge,obs_bias,grid_min,1.0137056557241957
tep,persistence,ridge,obs_bias,normalized_trapezoid,1.370448691739733
tep,history_mean,gru_s123,obs_bias,grid_mean,1.7863003928508594
tep,history_mean,gru_s123,obs_bias,grid_min,1.1891822318727319
tep,history_mean,gru_s123,obs_bias,normalized_trapezoid,1.6204045587262959
tep,history_mean,gru_s2024,obs_bias,grid_mean,1.8255299666401474
tep,history_mean,gru_s2024,obs_bias,grid_min,1.4571646057045349
tep,history_mean,gru_s2024,obs_bias,normalized_trapezoid,1.6897933003103605
tep,history_mean,gru_s31337,obs_bias,grid_mean,1.793171796520333
tep,history_mean,gru_s31337,obs_bias,grid_min,1.3631824319632853
tep,history_mean,gru_s31337,obs_bias,normalized_trapezoid,1.6287222853325425
tep,history_mean,gru_s42,obs_bias,grid_mean,1.7787100058666445
tep,history_mean,gru_s42,obs_bias,grid_min,1.3248425693722548
tep,history_mean,gru_s42,obs_bias,normalized_trapezoid,1.6032389598912606
tep,history_mean,gru_s7,obs_bias,grid_mean,1.7951710381428223
tep,history_mean,gru_s7,obs_bias,grid_min,1.3271936885254116
tep,history_mean,gru_s7,obs_bias,normalized_trapezoid,1.6209072084730873
tep,history_mean,mlp_s123,obs_bias,grid_mean,1.7098972424204213
tep,history_mean,mlp_s123,obs_bias,grid_min,1.2271233895296436
tep,history_mean,mlp_s123,obs_bias,normalized_trapezoid,1.5212221620755846
tep,history_mean,mlp_s2024,obs_bias,grid_mean,1.7365103330484537
tep,history_mean,mlp_s2024,obs_bias,grid_min,1.3232518982717612
tep,history_mean,mlp_s2024,obs_bias,normalized_trapezoid,1.5835509789399975
tep,history_mean,mlp_s31337,obs_bias,grid_mean,1.7349444462223755
tep,history_mean,mlp_s31337,obs_bias,grid_min,1.282026477510145
tep,history_mean,mlp_s31337,obs_bias,normalized_trapezoid,1.5522198837001646
tep,history_mean,mlp_s42,obs_bias,grid_mean,1.7051628760679605
tep,history_mean,mlp_s42,obs_bias,grid_min,1.236751733694266
tep,history_mean,mlp_s42,obs_bias,normalized_trapezoid,1.5287335791502419
tep,history_mean,mlp_s7,obs_bias,grid_mean,1.7235084117768547
tep,history_mean,mlp_s7,obs_bias,grid_min,1.3170709347818554
tep,history_mean,mlp_s7,obs_bias,normalized_trapezoid,1.567651788400123
tep,history_mean,ridge,obs_bias,grid_mean,1.623314383529291
tep,history_mean,ridge,obs_bias,grid_min,1.0151410314237521
tep,history_mean,ridge,obs_bias,normalized_trapezoid,1.360094999620045
tep,drift,gru_s123,obs_bias,grid_mean,2.9511349050855307
tep,drift,gru_s123,obs_bias,grid_min,1.4938797742186698
tep,drift,gru_s123,obs_bias,normalized_trapezoid,2.490790490531786
tep,drift,gru_s2024,obs_bias,grid_mean,3.0039161941755057
tep,drift,gru_s2024,obs_bias,grid_min,1.8305257796706595
tep,drift,gru_s2024,obs_bias,normalized_trapezoid,2.5843680654928596
tep,drift,gru_s31337,obs_bias,grid_mean,2.9578424330586786
tep,drift,gru_s31337,obs_bias,grid_min,1.712463076809671
tep,drift,gru_s31337,obs_bias,normalized_trapezoid,2.498063685187055
tep,drift,gru_s42,obs_bias,grid_mean,2.9366626216300866
tep,drift,gru_s42,obs_bias,grid_min,1.6642996046891143
tep,drift,gru_s42,obs_bias,normalized_trapezoid,2.461298634863741
tep,drift,gru_s7,obs_bias,grid_mean,2.963900250375125
tep,drift,gru_s7,obs_bias,grid_min,1.667253138012723
tep,drift,gru_s7,obs_bias,normalized_trapezoid,2.4892146237285155
tep,drift,mlp_s123,obs_bias,grid_mean,2.8276762119317556
tep,drift,mlp_s123,obs_bias,grid_min,1.54154238345968
tep,drift,mlp_s123,obs_bias,normalized_trapezoid,2.339988960437209
tep,drift,mlp_s2024,obs_bias,grid_mean,2.86346482583692
tep,drift,mlp_s2024,obs_bias,grid_min,1.6623013647888096
tep,drift,mlp_s2024,obs_bias,normalized_trapezoid,2.428486558866175
tep,drift,mlp_s31337,obs_bias,grid_mean,2.8664724867978473
tep,drift,mlp_s31337,obs_bias,grid_min,1.610512983993339
tep,drift,mlp_s31337,obs_bias,normalized_trapezoid,2.3845387078207847
tep,drift,mlp_s42,obs_bias,grid_mean,2.8176729166736694
tep,drift,mlp_s42,obs_bias,grid_min,1.5536377446425444
tep,drift,mlp_s42,obs_bias,normalized_trapezoid,2.3498070858085054
tep,drift,mlp_s7,obs_bias,grid_mean,2.842419657732185
tep,drift,mlp_s7,obs_bias,grid_min,1.654536687437204
tep,drift,mlp_s7,obs_bias,normalized_trapezoid,2.4039671454250446
tep,drift,ridge,obs_bias,grid_mean,2.7016546387331464
tep,drift,ridge,obs_bias,grid_min,1.2752449659756777
tep,drift,ridge,obs_bias,normalized_trapezoid,2.1067665568116394
tep,ar1,gru_s123,obs_bias,grid_mean,1.403645807357152
tep,ar1,gru_s123,obs_bias,grid_min,0.8155937757359274
tep,ar1,gru_s123,obs_bias,normalized_trapezoid,1.2249645732844021
tep,ar1,gru_s2024,obs_bias,grid_mean,1.4314054906231632
tep,ar1,gru_s2024,obs_bias,grid_min,0.9993879413786143
tep,ar1,gru_s2024,obs_bias,normalized_trapezoid,1.2741069669737095
tep,ar1,gru_s31337,obs_bias,grid_mean,1.407880294967698
tep,ar1,gru_s31337,obs_bias,grid_min,0.934930809511798
tep,ar1,gru_s31337,obs_bias,normalized_trapezoid,1.2298820218854623
tep,ar1,gru_s42,obs_bias,grid_mean,1.3972147499041612
tep,ar1,gru_s42,obs_bias,grid_min,0.9086356358590841
tep,ar1,gru_s42,obs_bias,normalized_trapezoid,1.2112340793386351
tep,ar1,gru_s7,obs_bias,grid_mean,1.4101573857513154
tep,ar1,gru_s7,obs_bias,grid_min,0.9102481373714121
tep,ar1,gru_s7,obs_bias,normalized_trapezoid,1.2247817106834527
tep,ar1,mlp_s123,obs_bias,grid_mean,1.34435168638244
tep,ar1,mlp_s123,obs_bias,grid_min,0.8416154999089005
tep,ar1,mlp_s123,obs_bias,normalized_trapezoid,1.1504530405682505
tep,ar1,mlp_s2024,obs_bias,grid_mean,1.363154906877233
tep,ar1,mlp_s2024,obs_bias,grid_min,0.9075446832581843
tep,ar1,mlp_s2024,obs_bias,normalized_trapezoid,1.1956924315261483
tep,ar1,mlp_s31337,obs_bias,grid_mean,1.3633724887155345
tep,ar1,mlp_s31337,obs_bias,grid_min,0.8792704661751399
tep,ar1,mlp_s31337,obs_bias,normalized_trapezoid,1.1730970670276357
tep,ar1,mlp_s42,obs_bias,grid_mean,1.3400661330744439
tep,ar1,mlp_s42,obs_bias,grid_min,0.8482190442277074
tep,ar1,mlp_s42,obs_bias,normalized_trapezoid,1.1556832810710747
tep,ar1,mlp_s7,obs_bias,grid_mean,1.3530533110236334
tep,ar1,mlp_s7,obs_bias,grid_min,0.9033055050941452
tep,ar1,mlp_s7,obs_bias,normalized_trapezoid,1.1836564717150047
tep,ar1,ridge,obs_bias,grid_mean,1.2807095186551467
tep,ar1,ridge,obs_bias,grid_min,0.6962286221006786
tep,ar1,ridge,obs_bias,normalized_trapezoid,1.0323665624492209
tep,persistence,gru_s123,obs_noise,grid_mean,1.8688582917500371
tep,persistence,gru_s123,obs_noise,grid_min,1.4771778065933001
tep,persistence,gru_s123,obs_noise,normalized_trapezoid,1.7308890900710727
tep,persistence,gru_s2024,obs_noise,grid_mean,1.8655952468769275
tep,persistence,gru_s2024,obs_noise,grid_min,1.4761485790276092
tep,persistence,gru_s2024,obs_noise,normalized_trapezoid,1.7233295768043204
tep,persistence,gru_s31337,obs_noise,grid_mean,1.8791800420624623
tep,persistence,gru_s31337,obs_noise,grid_min,1.4953964748253197
tep,persistence,gru_s31337,obs_noise,normalized_trapezoid,1.7470168389928027
tep,persistence,gru_s42,obs_noise,grid_mean,1.855487399966258
tep,persistence,gru_s42,obs_noise,grid_min,1.4390862856649134
tep,persistence,gru_s42,obs_noise,normalized_trapezoid,1.7022917382478189
tep,persistence,gru_s7,obs_noise,grid_mean,1.8661074018875465
tep,persistence,gru_s7,obs_noise,grid_min,1.4655461061133253
tep,persistence,gru_s7,obs_noise,normalized_trapezoid,1.7190442867614388
tep,persistence,mlp_s123,obs_noise,grid_mean,1.7550692125996339
tep,persistence,mlp_s123,obs_noise,grid_min,1.2610284887650252
tep,persistence,mlp_s123,obs_noise,normalized_trapezoid,1.5672540310051652
tep,persistence,mlp_s2024,obs_noise,grid_mean,1.7611654946292992
tep,persistence,mlp_s2024,obs_noise,grid_min,1.3305180579343032
tep,persistence,mlp_s2024,obs_noise,normalized_trapezoid,1.5989753405718934
tep,persistence,mlp_s31337,obs_noise,grid_mean,1.7769939552526466
tep,persistence,mlp_s31337,obs_noise,grid_min,1.282665102228346
tep,persistence,mlp_s31337,obs_noise,normalized_trapezoid,1.5885173993994135
tep,persistence,mlp_s42,obs_noise,grid_mean,1.7532920436984185
tep,persistence,mlp_s42,obs_noise,grid_min,1.3000796004842767
tep,persistence,mlp_s42,obs_noise,normalized_trapezoid,1.5825598971108978
tep,persistence,mlp_s7,obs_noise,grid_mean,1.7570210242129254
tep,persistence,mlp_s7,obs_noise,grid_min,1.3288525078152638
tep,persistence,mlp_s7,obs_noise,normalized_trapezoid,1.5966151244425575
tep,persistence,ridge,obs_noise,grid_mean,1.5324626319978214
tep,persistence,ridge,obs_noise,grid_min,0.797075289749931
tep,persistence,ridge,obs_noise,normalized_trapezoid,1.1850233481241905
tep,history_mean,gru_s123,obs_noise,grid_mean,1.6627626597111305
tep,history_mean,gru_s123,obs_noise,grid_min,0.8351697583670721
tep,history_mean,gru_s123,obs_noise,normalized_trapezoid,1.384670467783278
tep,history_mean,gru_s2024,obs_noise,grid_mean,1.6603052606253943
tep,history_mean,gru_s2024,obs_noise,grid_min,0.8345878516165738
tep,history_mean,gru_s2024,obs_noise,normalized_trapezoid,1.3787435969330888
tep,history_mean,gru_s31337,obs_noise,grid_mean,1.670930392523599
tep,history_mean,gru_s31337,obs_noise,grid_min,0.8454702656433061
tep,history_mean,gru_s31337,obs_noise,normalized_trapezoid,1.3967529360300523
tep,history_mean,gru_s42,obs_noise,grid_mean,1.653475499150689
tep,history_mean,gru_s42,obs_noise,grid_min,0.813633497676179
tep,history_mean,gru_s42,obs_noise,normalized_trapezoid,1.3640168077046864
tep,history_mean,gru_s7,obs_noise,grid_mean,1.6615791819509795
tep,history_mean,gru_s7,obs_noise,grid_min,0.8285934041625214
tep,history_mean,gru_s7,obs_noise,normalized_trapezoid,1.3760147358485162
tep,history_mean,mlp_s123,obs_noise,grid_mean,1.5718704321492327
tep,history_mean,mlp_s123,obs_noise,grid_min,0.712962822454482
tep,history_mean,mlp_s123,obs_noise,normalized_trapezoid,1.263638749572736
tep,history_mean,mlp_s2024,obs_noise,grid_mean,1.572462888510903
tep,history_mean,mlp_s2024,obs_noise,grid_min,0.7522509747900364
tep,history_mean,mlp_s2024,obs_noise,normalized_trapezoid,1.2843102163657971
tep,history_mean,mlp_s31337,obs_noise,grid_mean,1.5911556452473625
tep,history_mean,mlp_s31337,obs_noise,grid_min,0.7251957744778523
tep,history_mean,mlp_s31337,obs_noise,normalized_trapezoid,1.280415622691387
tep,history_mean,mlp_s42,obs_noise,grid_mean,1.5672001704883063
tep,history_mean,mlp_s42,obs_noise,grid_min,0.7350416185161074
tep,history_mean,mlp_s42,obs_noise,normalized_trapezoid,1.272918490857628
tep,history_mean,mlp_s7,obs_noise,grid_mean,1.5685474921973381
tep,history_mean,mlp_s7,obs_noise,grid_min,0.7513093027149093
tep,history_mean,mlp_s7,obs_noise,normalized_trapezoid,1.2822154521211369
tep,history_mean,ridge,obs_noise,grid_mean,1.4009645555291015
tep,history_mean,ridge,obs_noise,grid_min,0.45065202995166165
tep,history_mean,ridge,obs_noise,normalized_trapezoid,0.9788928211502865
tep,drift,gru_s123,obs_noise,grid_mean,3.484924804454639
tep,drift,gru_s123,obs_noise,grid_min,3.3386252177893176
tep,drift,gru_s123,obs_noise,normalized_trapezoid,3.447103859851933
tep,drift,gru_s2024,obs_noise,grid_mean,3.478155974107075
tep,drift,gru_s2024,obs_noise,grid_min,3.3362990217888617
tep,drift,gru_s2024,obs_noise,normalized_trapezoid,3.4317950253629315
tep,drift,gru_s31337,obs_noise,grid_mean,3.505582543743984
tep,drift,gru_s31337,obs_noise,grid_min,3.3798019163035162
tep,drift,gru_s31337,obs_noise,normalized_trapezoid,3.480334768399258
tep,drift,gru_s42,obs_noise,grid_mean,3.4563911542593777
tep,drift,gru_s42,obs_noise,grid_min,3.2525331361266834
tep,drift,gru_s42,obs_noise,normalized_trapezoid,3.387155902691497
tep,drift,gru_s7,obs_noise,grid_mean,3.477996025728884
tep,drift,gru_s7,obs_noise,grid_min,3.312335973275297
tep,drift,gru_s7,obs_noise,normalized_trapezoid,3.4223444572969144
tep,drift,mlp_s123,obs_noise,grid_mean,3.25869746665818
tep,drift,mlp_s123,obs_noise,grid_min,2.8500980004912844
tep,drift,mlp_s123,obs_noise,normalized_trapezoid,3.1082276533059066
tep,drift,mlp_s2024,obs_noise,grid_mean,3.2765805107869097
tep,drift,mlp_s2024,obs_noise,grid_min,3.00715399399887
tep,drift,mlp_s2024,obs_noise,normalized_trapezoid,3.177544151391965
tep,drift,mlp_s31337,obs_noise,grid_mean,3.29986989052788
tep,drift,mlp_s31337,obs_noise,grid_min,2.8989997258040927
tep,drift,mlp_s31337,obs_noise,normalized_trapezoid,3.15086254833476
tep,drift,mlp_s42,obs_noise,grid_mean,3.2595601951171242
tep,drift,mlp_s42,obs_noise,grid_min,2.9383588894558157
tep,drift,mlp_s42,obs_noise,normalized_trapezoid,3.142594238338129
tep,drift,mlp_s7,obs_noise,grid_mean,3.269169777939281
tep,drift,mlp_s7,obs_noise,grid_min,3.003389621420229
tep,drift,mlp_s7,obs_noise,normalized_trapezoid,3.1731291156853363
tep,drift,ridge,obs_noise,grid_mean,2.8058805031265917
tep,drift,ridge,obs_noise,grid_min,1.8014998945678828
tep,drift,ridge,obs_noise,normalized_trapezoid,2.3185232969988254
tep,ar1,gru_s123,obs_noise,grid_mean,1.4410005882535721
tep,ar1,gru_s123,obs_noise,grid_min,1.000700861803727
tep,ar1,gru_s123,obs_noise,normalized_trapezoid,1.286417818977777
tep,ar1,gru_s2024,obs_noise,grid_mean,1.4386284816982677
tep,ar1,gru_s2024,obs_noise,grid_min,1.0000036208166352
tep,ar1,gru_s2024,obs_noise,normalized_trapezoid,1.28084589143668
tep,ar1,gru_s31337,obs_noise,grid_mean,1.4486468905347432
tep,ar1,gru_s31337,obs_noise,grid_min,1.013042935262537
tep,ar1,gru_s31337,obs_noise,normalized_trapezoid,1.298154323842407
tep,ar1,gru_s42,obs_noise,grid_mean,1.4314910314842657
tep,ar1,gru_s42,obs_noise,grid_min,0.9748961024509174
tep,ar1,gru_s42,obs_noise,normalized_trapezoid,1.2658395965446494
tep,ar1,gru_s7,obs_noise,grid_mean,1.4392726882202955
tep,ar1,gru_s7,obs_noise,grid_min,0.9928210705947068
tep,ar1,gru_s7,obs_noise,normalized_trapezoid,1.2778705854545007
tep,ar1,mlp_s123,obs_noise,grid_mean,1.3564118238554628
tep,ar1,mlp_s123,obs_noise,grid_min,0.854272444274303
tep,ar1,mlp_s123,obs_noise,normalized_trapezoid,1.1677702858079826
tep,ar1,mlp_s2024,obs_noise,grid_mean,1.3596464135355066
tep,ar1,mlp_s2024,obs_noise,grid_min,0.9013475299164553
tep,ar1,mlp_s2024,obs_noise,normalized_trapezoid,1.189937083319778
tep,ar1,mlp_s31337,obs_noise,grid_mean,1.3732509704655758
tep,ar1,mlp_s31337,obs_noise,grid_min,0.8689299740873138
tep,ar1,mlp_s31337,obs_noise,normalized_trapezoid,1.1835053887752647
tep,ar1,mlp_s42,obs_noise,grid_mean,1.354103063782004
tep,ar1,mlp_s42,obs_noise,grid_min,0.8807272698054096
tep,ar1,mlp_s42,obs_noise,normalized_trapezoid,1.1782565866585295
tep,ar1,mlp_s7,obs_noise,grid_mean,1.3563804812420415
tep,ar1,mlp_s7,obs_noise,grid_min,0.9002192179203903
tep,ar1,mlp_s7,obs_noise,normalized_trapezoid,1.188119337840733
tep,ar1,ridge,obs_noise,grid_mean,1.1931178520643815
tep,ar1,ridge,obs_noise,grid_min,0.5399715090593814
tep,ar1,ridge,obs_noise,normalized_trapezoid,0.8900946541346406
tep,persistence,gru_s123,process_idv1,grid_mean,1.792687491071273
tep,persistence,gru_s123,process_idv1,grid_min,1.373275794500489
tep,persistence,gru_s123,process_idv1,normalized_trapezoid,1.7111167278069008
tep,persistence,gru_s2024,process_idv1,grid_mean,1.8001604485058804
tep,persistence,gru_s2024,process_idv1,grid_min,1.3887388084642518
tep,persistence,gru_s2024,process_idv1,normalized_trapezoid,1.7201127057805492
tep,persistence,gru_s31337,process_idv1,grid_mean,1.779482252663514
tep,persistence,gru_s31337,process_idv1,grid_min,1.3319567886276071
tep,persistence,gru_s31337,process_idv1,normalized_trapezoid,1.6900499568159193
tep,persistence,gru_s42,process_idv1,grid_mean,1.794599329832848
tep,persistence,gru_s42,process_idv1,grid_min,1.3792864737691741
tep,persistence,gru_s42,process_idv1,normalized_trapezoid,1.7134263873481472
tep,persistence,gru_s7,process_idv1,grid_mean,1.82104406771807
tep,persistence,gru_s7,process_idv1,grid_min,1.4164361720460763
tep,persistence,gru_s7,process_idv1,normalized_trapezoid,1.7444539781179276
tep,persistence,mlp_s123,process_idv1,grid_mean,1.7232201430044465
tep,persistence,mlp_s123,process_idv1,grid_min,1.3078071105259705
tep,persistence,mlp_s123,process_idv1,normalized_trapezoid,1.63784432366019
tep,persistence,mlp_s2024,process_idv1,grid_mean,1.7211421861854301
tep,persistence,mlp_s2024,process_idv1,grid_min,1.343317104053422
tep,persistence,mlp_s2024,process_idv1,normalized_trapezoid,1.6418376950521971
tep,persistence,mlp_s31337,process_idv1,grid_mean,1.7518743741153597
tep,persistence,mlp_s31337,process_idv1,grid_min,1.3351763382720503
tep,persistence,mlp_s31337,process_idv1,normalized_trapezoid,1.6671839699190674
tep,persistence,mlp_s42,process_idv1,grid_mean,1.72427450989237
tep,persistence,mlp_s42,process_idv1,grid_min,1.3447068455576716
tep,persistence,mlp_s42,process_idv1,normalized_trapezoid,1.645321103033587
tep,persistence,mlp_s7,process_idv1,grid_mean,1.7279972621123045
tep,persistence,mlp_s7,process_idv1,grid_min,1.3395996742818987
tep,persistence,mlp_s7,process_idv1,normalized_trapezoid,1.6511522529249212
tep,persistence,ridge,process_idv1,grid_mean,1.7986092827624187
tep,persistence,ridge,process_idv1,grid_min,1.4479493752765753
tep,persistence,ridge,process_idv1,normalized_trapezoid,1.7295192186170496
tep,history_mean,gru_s123,process_idv1,grid_mean,1.779341765837096
tep,history_mean,gru_s123,process_idv1,grid_min,1.3925710818171317
tep,history_mean,gru_s123,process_idv1,normalized_trapezoid,1.705729184913326
tep,history_mean,gru_s2024,process_idv1,grid_mean,1.7868168830260365
tep,history_mean,gru_s2024,process_idv1,grid_min,1.408251359711714
tep,history_mean,gru_s2024,process_idv1,normalized_trapezoid,1.714746426821233
tep,history_mean,gru_s31337,process_idv1,grid_mean,1.766004225100308
tep,history_mean,gru_s31337,process_idv1,grid_min,1.3506715209725915
tep,history_mean,gru_s31337,process_idv1,normalized_trapezoid,1.6845119406943743
tep,history_mean,gru_s42,process_idv1,grid_mean,1.7812607417065147
tep,history_mean,gru_s42,process_idv1,grid_min,1.3986662144665012
tep,history_mean,gru_s42,process_idv1,normalized_trapezoid,1.7080657930366412
tep,history_mean,gru_s7,process_idv1,grid_mean,1.807649697331791
tep,history_mean,gru_s7,process_idv1,grid_min,1.4363378866286562
tep,history_mean,gru_s7,process_idv1,normalized_trapezoid,1.739091400287586
tep,history_mean,mlp_s123,process_idv1,grid_mean,1.710245526601819
tep,history_mean,mlp_s123,process_idv1,grid_min,1.3261825264864082
tep,history_mean,mlp_s123,process_idv1,normalized_trapezoid,1.632587541272748
tep,history_mean,mlp_s2024,process_idv1,grid_mean,1.7083836040099387
tep,history_mean,mlp_s2024,process_idv1,grid_min,1.362191455137065
tep,history_mean,mlp_s2024,process_idv1,normalized_trapezoid,1.6367329194072535
tep,history_mean,mlp_s31337,process_idv1,grid_mean,1.738731961738663
tep,history_mean,mlp_s31337,process_idv1,grid_min,1.3539363070769421
tep,history_mean,mlp_s31337,process_idv1,normalized_trapezoid,1.6618580506335507
tep,history_mean,mlp_s42,process_idv1,grid_mean,1.7114983566587287
tep,history_mean,mlp_s42,process_idv1,grid_min,1.3636007232809948
tep,history_mean,mlp_s42,process_idv1,normalized_trapezoid,1.6402104009635412
tep,history_mean,mlp_s7,process_idv1,grid_mean,1.7152063739323251
tep,history_mean,mlp_s7,process_idv1,grid_min,1.35842179341344
tep,history_mean,mlp_s7,process_idv1,normalized_trapezoid,1.6460111150782202
tep,history_mean,ridge,process_idv1,grid_mean,1.785627485296402
tep,history_mean,ridge,process_idv1,grid_min,1.4682938678597837
tep,history_mean,ridge,process_idv1,normalized_trapezoid,1.7244385992521862
tep,drift,gru_s123,process_idv1,grid_mean,2.933329613570491
tep,drift,gru_s123,process_idv1,grid_min,1.91674140018149
tep,drift,gru_s123,process_idv1,normalized_trapezoid,2.7253256304271143
tep,drift,gru_s2024,process_idv1,grid_mean,2.944934549693135
tep,drift,gru_s2024,process_idv1,grid_min,1.9383238085765273
tep,drift,gru_s2024,process_idv1,normalized_trapezoid,2.7390793494672345
tep,drift,gru_s31337,process_idv1,grid_mean,2.9142606469148067
tep,drift,gru_s31337,process_idv1,grid_min,1.8590706471630098
tep,drift,gru_s31337,process_idv1,normalized_trapezoid,2.694312287998743
tep,drift,gru_s42,process_idv1,grid_mean,2.9361536896028424
tep,drift,gru_s42,process_idv1,grid_min,1.9251307694863586
tep,drift,gru_s42,process_idv1,normalized_trapezoid,2.728552442114233
tep,drift,gru_s7,process_idv1,grid_mean,2.9780409420464795
tep,drift,gru_s7,process_idv1,grid_min,1.9769822365964227
tep,drift,gru_s7,process_idv1,normalized_trapezoid,2.7769621466122825
tep,drift,mlp_s123,process_idv1,grid_mean,2.821079320397642
tep,drift,mlp_s123,process_idv1,grid_min,1.8253638797359324
tep,drift,mlp_s123,process_idv1,normalized_trapezoid,2.6096787817236913
tep,drift,mlp_s2024,process_idv1,grid_mean,2.815532671900581
tep,drift,mlp_s2024,process_idv1,grid_min,1.8749267388402828
tep,drift,mlp_s2024,process_idv1,normalized_trapezoid,2.6141527507390463
tep,drift,mlp_s31337,process_idv1,grid_mean,2.867550211525463
tep,drift,mlp_s31337,process_idv1,grid_min,1.86356431414393
tep,drift,mlp_s31337,process_idv1,normalized_trapezoid,2.656191180234497
tep,drift,mlp_s42,process_idv1,grid_mean,2.8206043086278636
tep,drift,mlp_s42,process_idv1,grid_min,1.8768664621554492
tep,drift,mlp_s42,process_idv1,normalized_trapezoid,2.6196475009238553
tep,drift,mlp_s7,process_idv1,grid_mean,2.826695878677036
tep,drift,mlp_s7,process_idv1,grid_min,1.8697381586775212
tep,drift,mlp_s7,process_idv1,normalized_trapezoid,2.629166754839398
tep,drift,ridge,process_idv1,grid_mean,2.9385467285656235
tep,drift,ridge,process_idv1,grid_min,2.020966599771047
tep,drift,ridge,process_idv1,normalized_trapezoid,2.7503750904238897
tep,ar1,gru_s123,process_idv1,grid_mean,1.5078896708781273
tep,ar1,gru_s123,process_idv1,grid_min,1.2869055677939205
tep,ar1,gru_s123,process_idv1,normalized_trapezoid,1.468858549868684
tep,ar1,gru_s2024,process_idv1,grid_mean,1.5144221128870559
tep,ar1,gru_s2024,process_idv1,grid_min,1.3013960575007457
tep,ar1,gru_s2024,process_idv1,normalized_trapezoid,1.4768021766263915
tep,ar1,gru_s31337,process_idv1,grid_mean,1.4957885881216373
tep,ar1,gru_s31337,process_idv1,grid_min,1.2481852619919367
tep,ar1,gru_s31337,process_idv1,normalized_trapezoid,1.4498054875588409
tep,ar1,gru_s42,process_idv1,grid_mean,1.5096076698864285
tep,ar1,gru_s42,process_idv1,grid_min,1.2925382139441486
tep,ar1,gru_s42,process_idv1,normalized_trapezoid,1.4710065399166035
tep,ar1,gru_s7,process_idv1,grid_mean,1.5324162374825328
tep,ar1,gru_s7,process_idv1,grid_min,1.327351434817818
tep,ar1,gru_s7,process_idv1,normalized_trapezoid,1.4980424017714693
tep,ar1,mlp_s123,process_idv1,grid_mean,1.4488800195623597
tep,ar1,mlp_s123,process_idv1,grid_min,1.225554443525693
tep,ar1,mlp_s123,process_idv1,normalized_trapezoid,1.4055439341909048
tep,ar1,mlp_s2024,process_idv1,grid_mean,1.4479866003643913
tep,ar1,mlp_s2024,process_idv1,grid_min,1.2588310865465695
tep,ar1,mlp_s2024,process_idv1,normalized_trapezoid,1.4097046071269401
tep,ar1,mlp_s31337,process_idv1,grid_mean,1.4731566932324334
tep,ar1,mlp_s31337,process_idv1,grid_min,1.2512023226434206
tep,ar1,mlp_s31337,process_idv1,normalized_trapezoid,1.430820930777743
tep,ar1,mlp_s42,process_idv1,grid_mean,1.4506427511740738
tep,ar1,mlp_s42,process_idv1,grid_min,1.2601334222367313
tep,ar1,mlp_s42,process_idv1,normalized_trapezoid,1.4127148996896013
tep,ar1,mlp_s7,process_idv1,grid_mean,1.453789658568807
tep,ar1,mlp_s7,process_idv1,grid_min,1.255347459230036
tep,ar1,mlp_s7,process_idv1,normalized_trapezoid,1.417640179499027
tep,ar1,ridge,process_idv1,grid_mean,1.5146320914892804
tep,ar1,ridge,process_idv1,grid_min,1.3568826599794046
tep,ar1,ridge,process_idv1,normalized_trapezoid,1.4862927150351597
tep,persistence,gru_s123,regime_setpt18,grid_mean,1.0073081948648657
tep,persistence,gru_s123,regime_setpt18,grid_min,0.6581097013985764
tep,persistence,gru_s123,regime_setpt18,normalized_trapezoid,0.8356729189572918
tep,persistence,gru_s2024,regime_setpt18,grid_mean,1.017019057706385
tep,persistence,gru_s2024,regime_setpt18,grid_min,0.6210018278197108
tep,persistence,gru_s2024,regime_setpt18,normalized_trapezoid,0.8434063510065141
tep,persistence,gru_s31337,regime_setpt18,grid_mean,1.0250552369501804
tep,persistence,gru_s31337,regime_setpt18,grid_min,0.6732829719591797
tep,persistence,gru_s31337,regime_setpt18,normalized_trapezoid,0.8550568658145843
tep,persistence,gru_s42,regime_setpt18,grid_mean,0.9536237839131682
tep,persistence,gru_s42,regime_setpt18,grid_min,0.5551267018422782
tep,persistence,gru_s42,regime_setpt18,normalized_trapezoid,0.7742938478465266
tep,persistence,gru_s7,regime_setpt18,grid_mean,1.0166754750527527
tep,persistence,gru_s7,regime_setpt18,grid_min,0.6053665882687294
tep,persistence,gru_s7,regime_setpt18,normalized_trapezoid,0.846666427554843
tep,persistence,mlp_s123,regime_setpt18,grid_mean,0.5230127308419324
tep,persistence,mlp_s123,regime_setpt18,grid_min,0.020613666512292135
tep,persistence,mlp_s123,regime_setpt18,normalized_trapezoid,0.2791846475623282
tep,persistence,mlp_s2024,regime_setpt18,grid_mean,0.5198129355412233
tep,persistence,mlp_s2024,regime_setpt18,grid_min,0.02279412434660918
tep,persistence,mlp_s2024,regime_setpt18,normalized_trapezoid,0.27947242967275615
tep,persistence,mlp_s31337,regime_setpt18,grid_mean,0.528473235734087
tep,persistence,mlp_s31337,regime_setpt18,grid_min,0.020834525803680438
tep,persistence,mlp_s31337,regime_setpt18,normalized_trapezoid,0.28201058892526815
tep,persistence,mlp_s42,regime_setpt18,grid_mean,0.5171738277864085
tep,persistence,mlp_s42,regime_setpt18,grid_min,0.020217515151745073
tep,persistence,mlp_s42,regime_setpt18,normalized_trapezoid,0.27605545230021217
tep,persistence,mlp_s7,regime_setpt18,grid_mean,0.5172392412423628
tep,persistence,mlp_s7,regime_setpt18,grid_min,0.02191876738945716
tep,persistence,mlp_s7,regime_setpt18,normalized_trapezoid,0.2773935495383637
tep,persistence,ridge,regime_setpt18,grid_mean,0.5267295110958748
tep,persistence,ridge,regime_setpt18,grid_min,0.019206217956375556
tep,persistence,ridge,regime_setpt18,normalized_trapezoid,0.27974891035436367
tep,history_mean,gru_s123,regime_setpt18,grid_mean,0.9964356506420203
tep,history_mean,gru_s123,regime_setpt18,grid_min,0.6460799090981788
tep,history_mean,gru_s123,regime_setpt18,normalized_trapezoid,0.828096630423836
tep,history_mean,gru_s2024,regime_setpt18,grid_mean,1.0063914889343042
tep,history_mean,gru_s2024,regime_setpt18,grid_min,0.6215852756409403
tep,history_mean,gru_s2024,regime_setpt18,normalized_trapezoid,0.8361113819936752
tep,history_mean,gru_s31337,regime_setpt18,grid_mean,1.0141492101617278
tep,history_mean,gru_s31337,regime_setpt18,grid_min,0.660975822718178
tep,history_mean,gru_s31337,regime_setpt18,normalized_trapezoid,0.847417335768019
tep,history_mean,gru_s42,regime_setpt18,grid_mean,0.9428189885335008
tep,history_mean,gru_s42,regime_setpt18,grid_min,0.5556482582213204
tep,history_mean,gru_s42,regime_setpt18,normalized_trapezoid,0.7669263892187583
tep,history_mean,gru_s7,regime_setpt18,grid_mean,1.00576290194535
tep,history_mean,gru_s7,regime_setpt18,grid_min,0.6059353463643546
tep,history_mean,gru_s7,regime_setpt18,normalized_trapezoid,0.8390212311883276
tep,history_mean,mlp_s123,regime_setpt18,grid_mean,0.513582706290057
tep,history_mean,mlp_s123,regime_setpt18,grid_min,0.020805200213493875
tep,history_mean,mlp_s123,regime_setpt18,normalized_trapezoid,0.274366511120908
tep,history_mean,mlp_s2024,regime_setpt18,grid_mean,0.510491942096667
tep,history_mean,mlp_s2024,regime_setpt18,grid_min,0.02300591796416651
tep,history_mean,mlp_s2024,regime_setpt18,normalized_trapezoid,0.2746976391955723
tep,history_mean,mlp_s31337,regime_setpt18,grid_mean,0.5189427555911328
tep,history_mean,mlp_s31337,regime_setpt18,grid_min,0.02102811163847516
tep,history_mean,mlp_s31337,regime_setpt18,normalized_trapezoid,0.2771418153977181
tep,history_mean,mlp_s42,regime_setpt18,grid_mean,0.5078483901067441
tep,history_mean,mlp_s42,regime_setpt18,grid_min,0.020405367977626723
tep,history_mean,mlp_s42,regime_setpt18,normalized_trapezoid,0.2712906486369275
tep,history_mean,mlp_s7,regime_setpt18,grid_mean,0.5079466573483223
tep,history_mean,mlp_s7,regime_setpt18,grid_min,0.022122427550611865
tep,history_mean,mlp_s7,regime_setpt18,normalized_trapezoid,0.2726377098546694
tep,history_mean,ridge,regime_setpt18,grid_mean,0.5171961500422113
tep,history_mean,ridge,regime_setpt18,grid_min,0.019384674225136785
tep,history_mean,ridge,regime_setpt18,normalized_trapezoid,0.27488686594093314
tep,drift,gru_s123,regime_setpt18,grid_mean,1.75630721208877
tep,drift,gru_s123,regime_setpt18,grid_min,1.1212288492394284
tep,drift,gru_s123,regime_setpt18,normalized_trapezoid,1.4587764840386486
tep,drift,gru_s2024,regime_setpt18,grid_mean,1.7756828452465374
tep,drift,gru_s2024,regime_setpt18,grid_min,1.0553077870588417
tep,drift,gru_s2024,regime_setpt18,normalized_trapezoid,1.4747304530434304
tep,drift,gru_s31337,regime_setpt18,grid_mean,1.787128259536469
tep,drift,gru_s31337,regime_setpt18,grid_min,1.1647639067479
tep,drift,gru_s31337,regime_setpt18,normalized_trapezoid,1.492428719076372
tep,drift,gru_s42,regime_setpt18,grid_mean,1.6627066807134485
tep,drift,gru_s42,regime_setpt18,grid_min,0.9433620079915868
tep,drift,gru_s42,regime_setpt18,normalized_trapezoid,1.3518627377561496
tep,drift,gru_s7,regime_setpt18,grid_mean,1.774409821304714
tep,drift,gru_s7,regime_setpt18,grid_min,1.0287378329757575
tep,drift,gru_s7,regime_setpt18,normalized_trapezoid,1.4796892002283295
tep,drift,mlp_s123,regime_setpt18,grid_mean,0.9060372885538315
tep,drift,mlp_s123,regime_setpt18,grid_min,0.03778584274634186
tep,drift,mlp_s123,regime_setpt18,normalized_trapezoid,0.483629938142793
tep,drift,mlp_s2024,regime_setpt18,grid_mean,0.9004927494784976
tep,drift,mlp_s2024,regime_setpt18,grid_min,0.04178272689081964
tep,drift,mlp_s2024,regime_setpt18,normalized_trapezoid,0.48412620219643265
tep,drift,mlp_s31337,regime_setpt18,grid_mean,0.9155003430560961
tep,drift,mlp_s31337,regime_setpt18,grid_min,0.03819068845627369
tep,drift,mlp_s31337,regime_setpt18,normalized_trapezoid,0.48852892876826237
tep,drift,mlp_s42,regime_setpt18,grid_mean,0.8959173344197628
tep,drift,mlp_s42,regime_setpt18,grid_min,0.03705967823774003
tep,drift,mlp_s42,regime_setpt18,normalized_trapezoid,0.4782042820882225
tep,drift,mlp_s7,regime_setpt18,grid_mean,0.8960359987785788
tep,drift,mlp_s7,regime_setpt18,grid_min,0.0401781554619504
tep,drift,mlp_s7,regime_setpt18,normalized_trapezoid,0.48052704636075094
tep,drift,ridge,regime_setpt18,grid_mean,0.9124798960130001
tep,drift,ridge,regime_setpt18,grid_min,0.03520592181011652
tep,drift,ridge,regime_setpt18,normalized_trapezoid,0.4846118914172107
tep,ar1,gru_s123,regime_setpt18,grid_mean,17.432530366087164
tep,ar1,gru_s123,regime_setpt18,grid_min,1.6242699319820433
tep,ar1,gru_s123,regime_setpt18,normalized_trapezoid,20.121256711837866
tep,ar1,gru_s2024,regime_setpt18,grid_mean,18.25784971510952
tep,ar1,gru_s2024,regime_setpt18,grid_min,1.6262940841535536
tep,ar1,gru_s2024,regime_setpt18,normalized_trapezoid,20.887934203263587
tep,ar1,gru_s31337,regime_setpt18,grid_mean,17.922054696191992
tep,ar1,gru_s31337,regime_setpt18,grid_min,1.625931658530822
tep,ar1,gru_s31337,regime_setpt18,normalized_trapezoid,20.677245277786454
tep,ar1,gru_s42,regime_setpt18,grid_mean,15.761868839274223
tep,ar1,gru_s42,regime_setpt18,grid_min,1.6286451669735518
tep,ar1,gru_s42,regime_setpt18,normalized_trapezoid,18.203604457831187
tep,ar1,gru_s7,regime_setpt18,grid_mean,18.13145873996539
tep,ar1,gru_s7,regime_setpt18,grid_min,1.63293292992629
tep,ar1,gru_s7,regime_setpt18,normalized_trapezoid,20.923869877654322
tep,ar1,mlp_s123,regime_setpt18,grid_mean,1.17024265646097
tep,ar1,mlp_s123,regime_setpt18,grid_min,1.0293069985377172
tep,ar1,mlp_s123,regime_setpt18,normalized_trapezoid,1.101504451364038
tep,ar1,mlp_s2024,regime_setpt18,grid_mean,1.2478296319730804
tep,ar1,mlp_s2024,regime_setpt18,grid_min,1.1381843061016381
tep,ar1,mlp_s2024,regime_setpt18,normalized_trapezoid,1.1954823658436338
tep,ar1,mlp_s31337,regime_setpt18,grid_mean,1.1795833112417131
tep,ar1,mlp_s31337,regime_setpt18,grid_min,1.0387861808454382
tep,ar1,mlp_s31337,regime_setpt18,normalized_trapezoid,1.1093905560536141
tep,ar1,mlp_s42,regime_setpt18,grid_mean,1.1553949264281047
tep,ar1,mlp_s42,regime_setpt18,grid_min,1.0095258806250849
tep,ar1,mlp_s42,regime_setpt18,normalized_trapezoid,1.0873489435815513
tep,ar1,mlp_s7,regime_setpt18,grid_mean,1.2124700059808502
tep,ar1,mlp_s7,regime_setpt18,grid_min,1.094474903813696
tep,ar1,mlp_s7,regime_setpt18,normalized_trapezoid,1.1547949894288312
tep,ar1,ridge,regime_setpt18,grid_mean,1.1189945591474142
tep,ar1,ridge,regime_setpt18,grid_min,0.957025181266143
tep,ar1,ridge,regime_setpt18,normalized_trapezoid,1.0383999829777455
