"system","reference","model","domain","severity","skill","ci_low","ci_high","reference_loss","model_loss","n_valid","panel","x"
"mbr","Persistence","GRU (seed 42)","obs_noise",0,3.78098249955489,3.3257151536896,4.21847318380383,142.573737473792,37.708118852858,72,"MBR: observation noise",0
"mbr","Persistence","GRU (seed 42)","obs_noise",0.005,3.78395625956058,3.33043801349905,4.21964882970811,142.622750076161,37.6914372928621,72,"MBR: observation noise",0.005
"mbr","Persistence","GRU (seed 42)","obs_noise",0.01,3.78042248990999,3.32989386304785,4.21422100538632,142.718809461596,37.7520792563569,72,"MBR: observation noise",0.01
"mbr","Persistence","GRU (seed 42)","obs_noise",0.015,3.77052753246065,3.31984790937573,4.20146936327715,142.857903933512,37.8880415813547,72,"MBR: observation noise",0.015
"mbr","Persistence","GRU (seed 42)","obs_noise",0.02,3.75462752689481,3.30499909688047,4.18321151483684,143.03599199232,38.0959205587604,72,"MBR: observation noise",0.02
"mbr","Persistence","GRU (seed 42)","obs_noise",0.03,3.7069543303564,3.26944017176893,4.12654372170979,143.49611533062,38.7099765852319,72,"MBR: observation noise",0.03
"mbr","Persistence","GRU (seed 42)","obs_noise",0.04,3.6422970077655,3.21686388427597,4.05604602877728,144.07841022426,39.5570185289886,72,"MBR: observation noise",0.04
"mbr","Persistence","GRU (seed 42)","obs_noise",0.05,3.56567935394956,3.15139223708116,3.97752894896542,144.76773547156,40.6003235571944,72,"MBR: observation noise",0.05
"mbr","Persistence","GRU (seed 42)","obs_noise",0.07,3.39322766407033,3.00808349053845,3.79132752071052,146.421537623794,43.1511092445104,72,"MBR: observation noise",0.07
"mbr","Persistence","GRU (seed 42)","obs_noise",0.09,3.21414357695157,2.84881131820517,3.59788195539602,148.382997575672,46.1656407136625,72,"MBR: observation noise",0.09
"mbr","Persistence","GRU (seed 42)","obs_noise",0.12,2.95947225056149,2.62966200538085,3.31866437887138,151.784997407812,51.287859644237,72,"MBR: observation noise",0.12
"mbr","Persistence","GRU (seed 42)","obs_noise",0.16,2.66686923952285,2.36885829825528,2.99607276628582,156.979571780709,58.8628679105375,72,"MBR: observation noise",0.16
"mbr","Persistence","GRU (seed 42)","obs_noise",0.2,2.42914028978361,2.16309622245046,2.72936529699916,162.736645087742,66.9935144430208,72,"MBR: observation noise",0.2
"mbr","Persistence","GRU (seed 42)","obs_noise",0.25,2.1955344406361,1.96573032339044,2.46482108114913,170.525160257892,77.6690891756114,72,"MBR: observation noise",0.25
"mbr","Persistence","GRU (seed 42)","obs_noise",0.3,2.01528569382178,1.81115230241438,2.25599913628791,178.824403410999,88.7340211659405,72,"MBR: observation noise",0.3
"mbr","Persistence","GRU (seed 42)","obs_noise",0.4,1.76110052027884,1.59741076926683,1.96592699056651,196.576278280734,111.621270913945,72,"MBR: observation noise",0.4
"mbr","Persistence","GRU (seed 42)","obs_noise",0.5,1.59426553474646,1.45861196497524,1.76621996910984,215.480774460811,135.159902641363,72,"MBR: observation noise",0.5
"mbr","Persistence","GRU (seed 42)","obs_noise",0.6,1.47841896152746,1.3633403166603,1.6267436121287,235.243186755687,159.118080109471,72,"MBR: observation noise",0.6
"mbr","Persistence","GRU (seed 42)","obs_noise",0.8,1.33110395420633,1.24324368668454,1.44580312824875,276.631201282503,207.82088461862,72,"MBR: observation noise",0.8
"mbr","Persistence","GRU (seed 42)","obs_noise",1,1.24364297558848,1.17395313049687,1.33688043540054,319.786730405323,257.137085709027,72,"MBR: observation noise",1
"mbr","Persistence","Ridge","obs_noise",0,1.56778314637697,1.27593735353146,1.89669040529183,142.573737473792,90.9397054071348,72,"MBR: observation noise",0
"mbr","Persistence","Ridge","obs_noise",0.005,1.56894344489102,1.27686455520019,1.89771107592886,142.622750076161,90.9036909778908,72,"MBR: observation noise",0.005
"mbr","Persistence","Ridge","obs_noise",0.01,1.56968025945137,1.27766788725739,1.89817865666575,142.718809461596,90.9222171854787,72,"MBR: observation noise",0.01
"mbr","Persistence","Ridge","obs_noise",0.015,1.5699559386954,1.2782982765102,1.8980031733142,142.857903933512,90.9948492262931,72,"MBR: observation noise",0.015
"mbr","Persistence","Ridge","obs_noise",0.02,1.56974258659702,1.27871014922234,1.89720901247612,143.03599199232,91.1206673078808,72,"MBR: observation noise",0.02
"mbr","Persistence","Ridge","obs_noise",0.03,1.567805751237,1.27863080531948,1.89351064436305,143.49611533062,91.5267182923662,72,"MBR: observation noise",0.03
"mbr","Persistence","Ridge","obs_noise",0.04,1.56387667453198,1.27680448020214,1.88635064464675,144.07841022426,92.1290102797767,72,"MBR: observation noise",0.04
"mbr","Persistence","Ridge","obs_noise",0.05,1.5580436244775,1.27247557526184,1.87716140616168,144.76773547156,92.9163556123847,72,"MBR: observation noise",0.05
"mbr","Persistence","Ridge","obs_noise",0.07,1.54116161307501,1.26455237531315,1.85354300584178,146.421537623794,95.0072571115013,72,"MBR: observation noise",0.07
"mbr","Persistence","Ridge","obs_noise",0.09,1.5183288626965,1.24994926727745,1.82158916692451,148.382997575672,97.7278382972642,72,"MBR: observation noise",0.09
"mbr","Persistence","Ridge","obs_noise",0.12,1.47604596201807,1.22115784662229,1.76293292582714,151.784997407812,102.83216194724,72,"MBR: observation noise",0.12
"mbr","Persistence","Ridge","obs_noise",0.16,1.41198985517628,1.17564714716551,1.67799861001108,156.979571780709,111.176132891628,72,"MBR: observation noise",0.16
"mbr","Persistence","Ridge","obs_noise",0.2,1.34663974490097,1.13418830644898,1.59034651161655,162.736645087742,120.846459273122,72,"MBR: observation noise",0.2
"mbr","Persistence","Ridge","obs_noise",0.25,1.26996817274064,1.084830207183,1.48832012636233,170.525160257892,134.275144777756,72,"MBR: observation noise",0.25
"mbr","Persistence","Ridge","obs_noise",0.3,1.20206140452376,1.0341622583879,1.39889626429963,178.824403410999,148.764782512793,72,"MBR: observation noise",0.3
"mbr","Persistence","Ridge","obs_noise",0.4,1.09308839698612,0.954833257863478,1.25683013827542,196.576278280734,179.835664547111,72,"MBR: observation noise",0.4
"mbr","Persistence","Ridge","obs_noise",0.5,1.0130230644226,0.897013173064969,1.15300631096185,215.480774460811,212.710630220083,72,"MBR: observation noise",0.5
"mbr","Persistence","Ridge","obs_noise",0.6,0.953377991787314,0.852802081931903,1.076549964514,235.243186755687,246.747028756845,72,"MBR: observation noise",0.6
"mbr","Persistence","Ridge","obs_noise",0.8,0.872671618845814,0.791829744022703,0.967926576556645,276.631201282503,316.993466165855,72,"MBR: observation noise",0.8
"mbr","Persistence","Ridge","obs_noise",1,0.82210134526713,0.753200588859513,0.900527681578992,319.786730405323,388.986993205093,72,"MBR: observation noise",1
"mbr","History mean","GRU (seed 42)","obs_noise",0,3.68346505745909,3.37653259811056,3.97842242331328,138.896538177017,37.708118852858,72,"MBR: observation noise",0
"mbr","History mean","GRU (seed 42)","obs_noise",0.005,3.68555145759867,3.37954284521772,3.9799021114465,138.913731653697,37.6914372928621,72,"MBR: observation noise",0.005
"mbr","History mean","GRU (seed 42)","obs_noise",0.01,3.68013437424514,3.37824105415814,3.97245174738092,138.932724570546,37.7520792563569,72,"MBR: observation noise",0.01
"mbr","History mean","GRU (seed 42)","obs_noise",0.015,3.66747658451368,3.36787501241513,3.95725957089474,138.953505332699,37.8880415813547,72,"MBR: observation noise",0.015
"mbr","History mean","GRU (seed 42)","obs_noise",0.02,3.64805624657884,3.35323426713568,3.93740062435185,138.976060963557,38.0959205587604,72,"MBR: observation noise",0.02
"mbr","History mean","GRU (seed 42)","obs_noise",0.03,3.5914885889005,3.3044358886942,3.87766314345953,139.026439182466,38.7099765852319,72,"MBR: observation noise",0.03
"mbr","History mean","GRU (seed 42)","obs_noise",0.04,3.51603179925217,3.23017416700859,3.79929737668825,139.083735031531,39.5570185289886,72,"MBR: observation noise",0.04
"mbr","History mean","GRU (seed 42)","obs_noise",0.05,3.42725874013939,3.14617153992129,3.71097261701912,139.147813763882,40.6003235571944,72,"MBR: observation noise",0.05
"mbr","History mean","GRU (seed 42)","obs_noise",0.07,3.22809207498632,2.94775483592856,3.51455124962705,139.295753779073,43.1511092445104,72,"MBR: observation noise",0.07
"mbr","History mean","GRU (seed 42)","obs_noise",0.09,3.02105875758174,2.74402358975077,3.30782274430787,139.469113177382,46.1656407136625,72,"MBR: observation noise",0.09
"mbr","History mean","GRU (seed 42)","obs_noise",0.12,2.72529118363837,2.45695709097769,3.02327858663008,139.774351716121,51.287859644237,72,"MBR: observation noise",0.12
"mbr","History mean","GRU (seed 42)","obs_noise",0.16,2.38282884216271,2.11527301700954,2.67436859655063,140.260139389643,58.8628679105375,72,"MBR: observation noise",0.16
"mbr","History mean","GRU (seed 42)","obs_noise",0.2,2.10212605201223,1.84467893940786,2.38358071372821,140.828812026532,66.9935144430208,72,"MBR: observation noise",0.2
"mbr","History mean","GRU (seed 42)","obs_noise",0.25,1.82370273183733,1.58285662365201,2.09182518163156,141.64533010888,77.6690891756114,72,"MBR: observation noise",0.25
"mbr","History mean","GRU (seed 42)","obs_noise",0.3,1.60668244428085,1.38447445740099,1.85509382378142,142.567394017762,88.7340211659405,72,"MBR: observation noise",0.3
"mbr","History mean","GRU (seed 42)","obs_noise",0.4,1.29620174920936,1.10805433228822,1.50635851428706,144.683686607628,111.621270913945,72,"MBR: observation noise",0.4
"mbr","History mean","GRU (seed 42)","obs_noise",0.5,1.08836259438871,0.926815746597568,1.26772461481832,147.102982296079,135.159902641363,72,"MBR: observation noise",0.5
"mbr","History mean","GRU (seed 42)","obs_noise",0.6,0.941257464192021,0.801393895301583,1.09760183281571,149.771080590944,159.118080109471,72,"MBR: observation noise",0.6
"mbr","History mean","GRU (seed 42)","obs_noise",0.8,0.749226747242695,0.639862405804494,0.872179820238581,155.704965391908,207.82088461862,72,"MBR: observation noise",0.8
"mbr","History mean","GRU (seed 42)","obs_noise",1,0.631050230679692,0.541804502263719,0.730804798644556,162.266417252985,257.137085709027,72,"MBR: observation noise",1
"mbr","History mean","Ridge","obs_noise",0,1.52734757117566,1.2920941331338,1.80924083090967,138.896538177017,90.9397054071348,72,"MBR: observation noise",0
"mbr","History mean","Ridge","obs_noise",0.005,1.5281418186582,1.29331028304775,1.8099600984886,138.913731653697,90.9036909778908,72,"MBR: observation noise",0.005
"mbr","History mean","Ridge","obs_noise",0.01,1.52803933814248,1.29399753624066,1.80951215367529,138.932724570546,90.9222171854787,72,"MBR: observation noise",0.01
"mbr","History mean","Ridge","obs_noise",0.015,1.52704803089611,1.29386485828233,1.80862836299086,138.953505332699,90.9948492262931,72,"MBR: observation noise",0.015
"mbr","History mean","Ridge","obs_noise",0.02,1.52518704120089,1.29258841778674,1.80715109492269,138.976060963557,91.1206673078808,72,"MBR: observation noise",0.02
"mbr","History mean","Ridge","obs_noise",0.03,1.51897109146173,1.28953587676752,1.79954257541767,139.026439182466,91.5267182923662,72,"MBR: observation noise",0.03
"mbr","History mean","Ridge","obs_noise",0.04,1.50966275019305,1.28235011179101,1.78520165246053,139.083735031531,92.1290102797767,72,"MBR: observation noise",0.04
"mbr","History mean","Ridge","obs_noise",0.05,1.4975599596734,1.27312663705327,1.76963586890929,139.147813763882,92.9163556123847,72,"MBR: observation noise",0.05
"mbr","History mean","Ridge","obs_noise",0.07,1.46615909156913,1.24859955902289,1.73081422121309,139.295753779073,95.0072571115013,72,"MBR: observation noise",0.07
"mbr","History mean","Ridge","obs_noise",0.09,1.42711755020254,1.21712036067473,1.69037603240737,139.469113177382,97.7278382972642,72,"MBR: observation noise",0.09
"mbr","History mean","Ridge","obs_noise",0.12,1.35924742871627,1.16410387073096,1.6133093190355,139.774351716121,102.83216194724,72,"MBR: observation noise",0.12
"mbr","History mean","Ridge","obs_noise",0.16,1.26160296946437,1.0833799031235,1.49467734324271,140.260139389643,111.176132891628,72,"MBR: observation noise",0.16
"mbr","History mean","Ridge","obs_noise",0.2,1.16535323313237,1.00640438090366,1.37754272196393,140.828812026532,120.846459273122,72,"MBR: observation noise",0.2
"mbr","History mean","Ridge","obs_noise",0.25,1.05488867908743,0.914554878380073,1.2449680663109,141.64533010888,134.275144777756,72,"MBR: observation noise",0.25
"mbr","History mean","Ridge","obs_noise",0.3,0.958341024062616,0.83266647389277,1.13063232899003,142.567394017762,148.764782512793,72,"MBR: observation noise",0.3
"mbr","History mean","Ridge","obs_noise",0.4,0.804532777032807,0.69842295981406,0.952281700574443,144.683686607628,179.835664547111,72,"MBR: observation noise",0.4
"mbr","History mean","Ridge","obs_noise",0.5,0.691563849648124,0.598296531819824,0.815641500803396,147.102982296079,212.710630220083,72,"MBR: observation noise",0.5
"mbr","History mean","Ridge","obs_noise",0.6,0.606982306313948,0.524751805612304,0.715119245179976,149.771080590944,246.747028756845,72,"MBR: observation noise",0.6
"mbr","History mean","Ridge","obs_noise",0.8,0.491192980332413,0.424913493795159,0.576739478917574,155.704965391908,316.993466165855,72,"MBR: observation noise",0.8
"mbr","History mean","Ridge","obs_noise",1,0.417151267490917,0.361986662948358,0.485872488649801,162.266417252985,388.986993205093,72,"MBR: observation noise",1
"mbr","Drift","GRU (seed 42)","obs_noise",0,9.72898254414084,7.7418788644721,11.5098360918787,366.861630091844,37.708118852858,72,"MBR: observation noise",0
"mbr","Drift","GRU (seed 42)","obs_noise",0.005,9.73380003830266,7.73599488379915,11.5265145541952,366.880913764944,37.6914372928621,72,"MBR: observation noise",0.005
"mbr","Drift","GRU (seed 42)","obs_noise",0.01,9.73246402194913,7.75593803697129,11.5356972426566,367.420753116266,37.7520792563569,72,"MBR: observation noise",0.01
"mbr","Drift","GRU (seed 42)","obs_noise",0.015,9.72296837200757,7.7389729053379,11.5371870488993,368.384229972819,37.8880415813547,72,"MBR: observation noise",0.015
"mbr","Drift","GRU (seed 42)","obs_noise",0.02,9.70369044650936,7.71024002604009,11.5127787035017,369.671020377023,38.0959205587604,72,"MBR: observation noise",0.02
"mbr","Drift","GRU (seed 42)","obs_noise",0.03,9.63431062680563,7.66761833853248,11.4279460036317,372.943938778497,38.7099765852319,72,"MBR: observation noise",0.03
"mbr","Drift","GRU (seed 42)","obs_noise",0.04,9.52807048041655,7.57869796126227,11.3043608733018,376.902060539347,39.5570185289886,72,"MBR: observation noise",0.04
"mbr","Drift","GRU (seed 42)","obs_noise",0.05,9.3933602957936,7.47222087266687,11.1674718183012,381.373467298524,40.6003235571944,72,"MBR: observation noise",0.05
"mbr","Drift","GRU (seed 42)","obs_noise",0.07,9.07184888990815,7.23707365615712,10.7647561397314,391.460342498117,43.1511092445104,72,"MBR: observation noise",0.07
"mbr","Drift","GRU (seed 42)","obs_noise",0.09,8.72250051672119,6.99047930358253,10.3187004352841,402.679824979686,46.1656407136625,72,"MBR: observation noise",0.09
"mbr","Drift","GRU (seed 42)","obs_noise",0.12,8.20956291141945,6.61858810174782,9.65346429645195,421.050910341414,51.287859644237,72,"MBR: observation noise",0.12
"mbr","Drift","GRU (seed 42)","obs_noise",0.16,7.60533290966741,6.18808018438021,8.88560345545311,447.671706477416,58.8628679105375,72,"MBR: observation noise",0.16
"mbr","Drift","GRU (seed 42)","obs_noise",0.2,7.10686393089007,5.84805845644681,8.22395942155729,476.113791398667,66.9935144430208,72,"MBR: observation noise",0.2
"mbr","Drift","GRU (seed 42)","obs_noise",0.25,6.61309161576389,5.52777167755919,7.56371631640601,513.632802431254,77.6690891756114,72,"MBR: observation noise",0.25
"mbr","Drift","GRU (seed 42)","obs_noise",0.3,6.23095786986198,5.28307368856249,7.07512594674102,552.897947508417,88.7340211659405,72,"MBR: observation noise",0.3
"mbr","Drift","GRU (seed 42)","obs_noise",0.4,5.69342756159299,4.9452370878078,6.36131071656808,635.507620281492,111.621270913945,72,"MBR: observation noise",0.4
"mbr","Drift","GRU (seed 42)","obs_noise",0.5,5.34430091058508,4.7246859234299,5.90844069124648,722.335190760825,135.159902641363,72,"MBR: observation noise",0.5
"mbr","Drift","GRU (seed 42)","obs_noise",0.6,5.10569693603964,4.57701152487672,5.57872932304532,812.408694083438,159.118080109471,72,"MBR: observation noise",0.6
"mbr","Drift","GRU (seed 42)","obs_noise",0.8,4.81101807661008,4.39580955597237,5.17790814646703,999.830032597281,207.82088461862,72,"MBR: observation noise",0.8
"mbr","Drift","GRU (seed 42)","obs_noise",1,4.64484586463264,4.29472272465504,4.94954683664417,1194.36212919926,257.137085709027,72,"MBR: observation noise",1
"mbr","Drift","Ridge","obs_noise",0,4.03411940306397,3.19081555387934,4.8575546728841,366.861630091844,90.9397054071348,72,"MBR: observation noise",0
"mbr","Drift","Ridge","obs_noise",0.005,4.03592978258908,3.19676069813278,4.85450280976905,366.880913764944,90.9036909778908,72,"MBR: observation noise",0.005
"mbr","Drift","Ridge","obs_noise",0.01,4.04104480169834,3.20243985121952,4.85654133526712,367.420753116266,90.9222171854787,72,"MBR: observation noise",0.01
"mbr","Drift","Ridge","obs_noise",0.015,4.04840749894197,3.21056288421133,4.8587539227887,368.384229972819,90.9948492262931,72,"MBR: observation noise",0.015
"mbr","Drift","Ridge","obs_noise",0.02,4.05693934536244,3.22505386934786,4.8658338568273,369.671020377023,91.1206673078808,72,"MBR: observation noise",0.02
"mbr","Drift","Ridge","obs_noise",0.03,4.0747002158123,3.25117172098066,4.87939789648786,372.943938778497,91.5267182923662,72,"MBR: observation noise",0.03
"mbr","Drift","Ridge","obs_noise",0.04,4.09102474231269,3.2667067311244,4.88940553198359,376.902060539347,92.1290102797767,72,"MBR: observation noise",0.04
"mbr","Drift","Ridge","obs_noise",0.05,4.10448154993813,3.28294059303987,4.89519408089761,381.373467298524,92.9163556123847,72,"MBR: observation noise",0.05
"mbr","Drift","Ridge","obs_noise",0.07,4.12032043024562,3.31465063557926,4.89338570562704,391.460342498117,95.0072571115013,72,"MBR: observation noise",0.07
"mbr","Drift","Ridge","obs_noise",0.09,4.12042087490805,3.33831908528551,4.86735560229942,402.679824979686,97.7278382972642,72,"MBR: observation noise",0.09
"mbr","Drift","Ridge","obs_noise",0.12,4.09454495916795,3.36141095361365,4.80262488258808,421.050910341414,102.83216194724,72,"MBR: observation noise",0.12
"mbr","Drift","Ridge","obs_noise",0.16,4.02668895592723,3.35375841501654,4.6760036806048,447.671706477416,111.176132891628,72,"MBR: observation noise",0.16
"mbr","Drift","Ridge","obs_noise",0.2,3.93982408969564,3.32307460181814,4.52649452634913,476.113791398667,120.846459273122,72,"MBR: observation noise",0.2
"mbr","Drift","Ridge","obs_noise",0.25,3.82522620460688,3.25808267952727,4.33827315214721,513.632802431254,134.275144777756,72,"MBR: observation noise",0.25
"mbr","Drift","Ridge","obs_noise",0.3,3.71659164332709,3.20325249896253,4.16082209087413,552.897947508417,148.764782512793,72,"MBR: observation noise",0.3
"mbr","Drift","Ridge","obs_noise",0.4,3.533824182661,3.10203847364502,3.90646165194178,635.507620281492,179.835664547111,72,"MBR: observation noise",0.4
"mbr","Drift","Ridge","obs_noise",0.5,3.39585844869837,3.02221262094023,3.71551645545869,722.335190760825,212.710630220083,72,"MBR: observation noise",0.5
"mbr","Drift","Ridge","obs_noise",0.6,3.29247609657752,2.95320534697985,3.57312040146886,812.408694083438,246.747028756845,72,"MBR: observation noise",0.6
"mbr","Drift","Ridge","obs_noise",0.8,3.15410296840048,2.86474002723086,3.39517610971528,999.830032597281,316.993466165855,72,"MBR: observation noise",0.8
"mbr","Drift","Ridge","obs_noise",1,3.07044232856788,2.8091673530815,3.28974070795068,1194.36212919926,388.986993205093,72,"MBR: observation noise",1
"mbr","AR(1)","GRU (seed 42)","obs_noise",0,3.58473658826742,3.18441562521116,3.97582371303367,135.173673326577,37.708118852858,72,"MBR: observation noise",0
"mbr","AR(1)","GRU (seed 42)","obs_noise",0.005,3.58702703830181,3.19033040457798,3.9767934758393,135.200204681953,37.6914372928621,72,"MBR: observation noise",0.005
"mbr","AR(1)","GRU (seed 42)","obs_noise",0.01,3.58342588945929,3.18991133847015,3.97167262891496,135.281778188148,37.7520792563569,72,"MBR: observation noise",0.01
"mbr","AR(1)","GRU (seed 42)","obs_noise",0.015,3.57405994198986,3.18305572753757,3.9612568548026,135.414131696366,37.8880415813547,72,"MBR: observation noise",0.015
"mbr","AR(1)","GRU (seed 42)","obs_noise",0.02,3.55922688269612,3.17131423138062,3.94304970197709,135.592024573796,38.0959205587604,72,"MBR: observation noise",0.02
"mbr","AR(1)","GRU (seed 42)","obs_noise",0.03,3.51498655400695,3.13442935117103,3.89048202544226,136.065047203014,38.7099765852319,72,"MBR: observation noise",0.03
"mbr","AR(1)","GRU (seed 42)","obs_noise",0.04,3.45496747693497,3.08305740551374,3.82740673116923,136.66821250217,39.5570185289886,72,"MBR: observation noise",0.04
"mbr","AR(1)","GRU (seed 42)","obs_noise",0.05,3.38366196278951,3.01351816747983,3.75041738558908,137.377770497426,40.6003235571944,72,"MBR: observation noise",0.05
"mbr","AR(1)","GRU (seed 42)","obs_noise",0.07,3.22247817105763,2.8764845174246,3.58221089365929,139.053507597358,43.1511092445104,72,"MBR: observation noise",0.07
"mbr","AR(1)","GRU (seed 42)","obs_noise",0.09,3.05432686925464,2.72405230355549,3.39993992754067,141.004956868095,46.1656407136625,72,"MBR: observation noise",0.09
"mbr","AR(1)","GRU (seed 42)","obs_noise",0.12,2.81425330170532,2.50937509784667,3.1437614594487,144.337028341193,51.287859644237,72,"MBR: observation noise",0.12
"mbr","AR(1)","GRU (seed 42)","obs_noise",0.16,2.5374125635954,2.2656385706255,2.8380166470774,149.359380565454,58.8628679105375,72,"MBR: observation noise",0.16
"mbr","AR(1)","GRU (seed 42)","obs_noise",0.2,2.31187291252825,2.06827310902942,2.58823934984019,154.88049135589,66.9935144430208,72,"MBR: observation noise",0.2
"mbr","AR(1)","GRU (seed 42)","obs_noise",0.25,2.08979847875638,1.87626030676073,2.34185884694598,162.312744405586,77.6690891756114,72,"MBR: observation noise",0.25
"mbr","AR(1)","GRU (seed 42)","obs_noise",0.3,1.91817286513923,1.72993286825221,2.14744269685453,170.207191615197,88.7340211659405,72,"MBR: observation noise",0.3
"mbr","AR(1)","GRU (seed 42)","obs_noise",0.4,1.67573670751702,1.523539192466,1.86998867996988,187.047861010199,111.621270913945,72,"MBR: observation noise",0.4
"mbr","AR(1)","GRU (seed 42)","obs_noise",0.5,1.51631103426275,1.38981756211092,1.68198844010452,204.944451764978,135.159902641363,72,"MBR: observation noise",0.5
"mbr","AR(1)","GRU (seed 42)","obs_noise",0.6,1.40543231955026,1.29779680036514,1.5487178110894,223.629692410639,159.118080109471,72,"MBR: observation noise",0.6
"mbr","AR(1)","GRU (seed 42)","obs_noise",0.8,1.26416946522535,1.18203872080546,1.37551315728323,262.72081657098,207.82088461862,72,"MBR: observation noise",0.8
"mbr","AR(1)","GRU (seed 42)","obs_noise",1,1.18012841616895,1.11407111621822,1.27028681732332,303.454781696093,257.137085709027,72,"MBR: observation noise",1
"mbr","AR(1)","Ridge","obs_noise",0,1.48640984398847,1.21498033393459,1.79156769097618,135.173673326577,90.9397054071348,72,"MBR: observation noise",0
"mbr","AR(1)","Ridge","obs_noise",0.005,1.48729059543728,1.21529367534142,1.79210949123504,135.200204681953,90.9036909778908,72,"MBR: observation noise",0.005
"mbr","AR(1)","Ridge","obs_noise",0.01,1.48788472582204,1.21564845441548,1.7926631393798,135.281778188148,90.9222171854787,72,"MBR: observation noise",0.01
"mbr","AR(1)","Ridge","obs_noise",0.015,1.48815161350075,1.21683905092024,1.79277777259813,135.414131696366,90.9948492262931,72,"MBR: observation noise",0.015
"mbr","AR(1)","Ridge","obs_noise",0.02,1.48804907360538,1.21895476782013,1.79324369977697,135.592024573796,91.1206673078808,72,"MBR: observation noise",0.02
"mbr","AR(1)","Ridge","obs_noise",0.03,1.48661559970257,1.21996070836337,1.79018035023099,136.065047203014,91.5267182923662,72,"MBR: observation noise",0.03
"mbr","AR(1)","Ridge","obs_noise",0.04,1.48344383693189,1.21890083114231,1.78455801254268,136.66821250217,92.1290102797767,72,"MBR: observation noise",0.04
"mbr","AR(1)","Ridge","obs_noise",0.05,1.47851010289856,1.21727518048271,1.77499157735481,137.377770497426,92.9163556123847,72,"MBR: observation noise",0.05
"mbr","AR(1)","Ridge","obs_noise",0.07,1.4636093265398,1.21115019541165,1.75539010301035,139.053507597358,95.0072571115013,72,"MBR: observation noise",0.07
"mbr","AR(1)","Ridge","obs_noise",0.09,1.44283306911172,1.19606608432658,1.727648660187,141.004956868095,97.7278382972642,72,"MBR: observation noise",0.09
"mbr","AR(1)","Ridge","obs_noise",0.12,1.40361756096549,1.17048697682039,1.67331080619773,144.337028341193,102.83216194724,72,"MBR: observation noise",0.12
"mbr","AR(1)","Ridge","obs_noise",0.16,1.34344824451707,1.12912816269016,1.59274560504741,149.359380565454,111.176132891628,72,"MBR: observation noise",0.16
"mbr","AR(1)","Ridge","obs_noise",0.2,1.28163036209318,1.0862508863023,1.50922255912089,154.88049135589,120.846459273122,72,"MBR: observation noise",0.2
"mbr","AR(1)","Ridge","obs_noise",0.25,1.20880707054337,1.03727766854148,1.41527979648627,162.312744405586,134.275144777756,72,"MBR: observation noise",0.25
"mbr","AR(1)","Ridge","obs_noise",0.3,1.14413632541398,0.990092965993105,1.32984162854081,170.207191615197,148.764782512793,72,"MBR: observation noise",0.3
"mbr","AR(1)","Ridge","obs_noise",0.4,1.04010437240717,0.913334495678201,1.19465185833211,187.047861010199,179.835664547111,72,"MBR: observation noise",0.4
"mbr","AR(1)","Ridge","obs_noise",0.5,0.963489467136314,0.856549084514205,1.09791026398023,204.944451764978,212.710630220083,72,"MBR: observation noise",0.5
"mbr","AR(1)","Ridge","obs_noise",0.6,0.906311591824731,0.814665205461837,1.02313282013646,223.629692410639,246.747028756845,72,"MBR: observation noise",0.6
"mbr","AR(1)","Ridge","obs_noise",0.8,0.828789374584527,0.754710409265138,0.920270973288534,262.72081657098,316.993466165855,72,"MBR: observation noise",0.8
"mbr","AR(1)","Ridge","obs_noise",1,0.78011549742512,0.716584849830653,0.85522349124334,303.454781696093,388.986993205093,72,"MBR: observation noise",1
"tep","Persistence","GRU (seed 42)","actuation_idv14",0,2.03666325411613,1.94530679251196,2.13223489457426,1.30908275274108,0.642758566049346,80,"TEP: valve sticking",0
"tep","Persistence","GRU (seed 42)","actuation_idv14",0.5,1.47209221117061,1.4332274114955,1.5114974101427,1.91653892432092,1.30191499539073,80,"TEP: valve sticking",0.5
"tep","Persistence","GRU (seed 42)","actuation_idv14",1,1.23847877156928,1.21611010197026,1.26020234633174,3.34825547023633,2.70352269824839,80,"TEP: valve sticking",1
"tep","Persistence","GRU (seed 42)","actuation_idv14",2,1.11610037592667,1.1048926418476,1.12665841322749,6.2547680863712,5.60412685210147,80,"TEP: valve sticking",2
"tep","Persistence","GRU (seed 42)","actuation_idv14",3,1.07619171536114,1.06894300994491,1.08326618890613,9.02756826778279,8.38843873161893,80,"TEP: valve sticking",3
"tep","Persistence","GRU (seed 42)","actuation_idv14",5,1.05047635839386,1.0456724424058,1.05520310634801,12.536964523048,11.9345518086828,80,"TEP: valve sticking",5
"tep","Persistence","GRU (seed 42)","actuation_idv14",8,1.03041762041733,1.02509107527073,1.03588334697823,15.5377818893543,15.0791112083868,80,"TEP: valve sticking",8
"tep","Persistence","Ridge","actuation_idv14",0,2.00306990143064,1.910100610093,2.10284993036006,1.30908275274108,0.653538227400901,80,"TEP: valve sticking",0
"tep","Persistence","Ridge","actuation_idv14",0.5,1.4963132048498,1.45469936164937,1.54058147388993,1.91653892432092,1.28084074785218,80,"TEP: valve sticking",0.5
"tep","Persistence","Ridge","actuation_idv14",1,1.3090409459112,1.27208805617087,1.34754943881378,3.34825547023633,2.55779277240689,80,"TEP: valve sticking",1
"tep","Persistence","Ridge","actuation_idv14",2,1.22504673452785,1.18899640016563,1.26039522690971,6.2547680863712,5.10573834457169,80,"TEP: valve sticking",2
"tep","Persistence","Ridge","actuation_idv14",3,1.20042035294414,1.17263554786137,1.22908029294593,9.02756826778279,7.52033922587352,80,"TEP: valve sticking",3
"tep","Persistence","Ridge","actuation_idv14",5,1.24036152130008,1.19954233435913,1.28195003330644,12.536964523048,10.1075084221473,80,"TEP: valve sticking",5
"tep","Persistence","Ridge","actuation_idv14",8,1.16791014314275,1.11962383986895,1.2162638532162,15.5377818893543,13.3039189535108,80,"TEP: valve sticking",8
"tep","History mean","GRU (seed 42)","actuation_idv14",0,1.99815998009782,1.88281288787521,2.11821759693046,1.28433444354487,0.642758566049346,80,"TEP: valve sticking",0
"tep","History mean","GRU (seed 42)","actuation_idv14",0.5,1.31358676241802,1.27094826556189,1.35997821308023,1.71017830373878,1.30191499539073,80,"TEP: valve sticking",0.5
"tep","History mean","GRU (seed 42)","actuation_idv14",1,1.03865764152884,1.02510504907096,1.05240696936489,2.80803450958237,2.70352269824839,80,"TEP: valve sticking",1
"tep","History mean","GRU (seed 42)","actuation_idv14",2,0.92837519282807,0.91093780983115,0.946051441835582,5.20273234695267,5.60412685210147,80,"TEP: valve sticking",2
"tep","History mean","GRU (seed 42)","actuation_idv14",3,0.899930138857402,0.884685049941163,0.915285557984776,7.54900883254263,8.38843873161893,80,"TEP: valve sticking",3
"tep","History mean","GRU (seed 42)","actuation_idv14",5,0.837748406789766,0.813856027814122,0.862544006608974,9.99815176347394,11.9345518086828,80,"TEP: valve sticking",5
"tep","History mean","GRU (seed 42)","actuation_idv14",8,0.850372471254404,0.819262855670219,0.882521274354457,12.8228610625959,15.0791112083868,80,"TEP: valve sticking",8
"tep","History mean","Ridge","actuation_idv14",0,1.96520171230476,1.84467103898591,2.08790012346872,1.28433444354487,0.653538227400901,80,"TEP: valve sticking",0
"tep","History mean","Ridge","actuation_idv14",0.5,1.33519979482737,1.28905756701472,1.38372652550986,1.71017830373878,1.28084074785218,80,"TEP: valve sticking",0.5
"tep","History mean","Ridge","actuation_idv14",1,1.09783503178016,1.08413919021098,1.1123871755641,2.80803450958237,2.55779277240689,80,"TEP: valve sticking",1
"tep","History mean","Ridge","actuation_idv14",2,1.01899705700432,1.01234326361112,1.02568981637798,5.20273234695267,5.10573834457169,80,"TEP: valve sticking",2
"tep","History mean","Ridge","actuation_idv14",3,1.00381227572427,0.998024603292063,1.00961352505804,7.54900883254263,7.52033922587352,80,"TEP: valve sticking",3
"tep","History mean","Ridge","actuation_idv14",5,0.989180651244005,0.983306705023872,0.995354133828558,9.99815176347394,10.1075084221473,80,"TEP: valve sticking",5
"tep","History mean","Ridge","actuation_idv14",8,0.963840888343061,0.957633210514931,0.970193340267837,12.8228610625959,13.3039189535108,80,"TEP: valve sticking",8
"tep","Drift","GRU (seed 42)","actuation_idv14",0,3.52823867813184,3.36564079406372,3.69112807772722,2.26780563343586,0.642758566049346,80,"TEP: valve sticking",0
"tep","Drift","GRU (seed 42)","actuation_idv14",0.5,2.38027445714147,2.29242810855102,2.47021941464815,3.09891500889802,1.30191499539073,80,"TEP: valve sticking",0.5
"tep","Drift","GRU (seed 42)","actuation_idv14",1,1.90339158848273,1.81972593087318,1.98526621204133,5.14586236311813,2.70352269824839,80,"TEP: valve sticking",1
"tep","Drift","GRU (seed 42)","actuation_idv14",2,1.63297989488104,1.56938083672242,1.69377657982657,9.15142647784465,5.60412685210147,80,"TEP: valve sticking",2
"tep","Drift","GRU (seed 42)","actuation_idv14",3,1.54000168183325,1.48723019369031,1.59221403693217,12.9182097546483,8.38843873161893,80,"TEP: valve sticking",3
"tep","Drift","GRU (seed 42)","actuation_idv14",5,1.57984531521355,1.52520710407107,1.63101486821456,18.8547457641209,11.9345518086828,80,"TEP: valve sticking",5
"tep","Drift","GRU (seed 42)","actuation_idv14",8,1.57509728073829,1.5074053935101,1.64399273754372,23.7510670602804,15.0791112083868,80,"TEP: valve sticking",8
"tep","Drift","Ridge","actuation_idv14",0,3.47004281976718,3.3065739243813,3.63908300656353,2.26780563343586,0.653538227400901,80,"TEP: valve sticking",0
"tep","Drift","Ridge","actuation_idv14",0.5,2.41943818081563,2.32206061919037,2.51892821935888,3.09891500889802,1.28084074785218,80,"TEP: valve sticking",0.5
"tep","Drift","Ridge","actuation_idv14",1,2.01183708806709,1.9044557728395,2.12146514616227,5.14586236311813,2.55779277240689,80,"TEP: valve sticking",1
"tep","Drift","Ridge","actuation_idv14",2,1.79238062357313,1.68820328805903,1.89406537556885,9.15142647784465,5.10573834457169,80,"TEP: valve sticking",2
"tep","Drift","Ridge","actuation_idv14",3,1.71776955355997,1.62999281121365,1.80635593201487,12.9182097546483,7.52033922587352,80,"TEP: valve sticking",3
"tep","Drift","Ridge","actuation_idv14",5,1.86541974308989,1.74789191693324,1.98233280414976,18.8547457641209,10.1075084221473,80,"TEP: valve sticking",5
"tep","Drift","Ridge","actuation_idv14",8,1.78526847188984,1.66499830285229,1.90891362759189,23.7510670602804,13.3039189535108,80,"TEP: valve sticking",8
"tep","AR(1)","GRU (seed 42)","actuation_idv14",0,1.62864516697355,1.55057760107763,1.71392124249678,1.04682563212712,0.642758566049346,80,"TEP: valve sticking",0
"tep","AR(1)","GRU (seed 42)","actuation_idv14",0.5,1.1830761263684,1.1566263327443,1.21186260247555,1.5402645496078,1.30191499539073,80,"TEP: valve sticking",0.5
"tep","AR(1)","GRU (seed 42)","actuation_idv14",1,1.00553244228409,0.99426913905215,1.01640646663196,2.71847978154019,2.70352269824839,80,"TEP: valve sticking",1
"tep","AR(1)","GRU (seed 42)","actuation_idv14",2,0.923136135606662,0.905671002302255,0.940865256486067,5.17337200569848,5.60412685210147,80,"TEP: valve sticking",2
"tep","AR(1)","GRU (seed 42)","actuation_idv14",3,0.900117531684097,0.884806051015145,0.91580800364497,7.55058076578811,8.38843873161893,80,"TEP: valve sticking",3
"tep","AR(1)","GRU (seed 42)","actuation_idv14",5,0.841533207773098,0.817258054734327,0.866729563817669,10.0433216668951,11.9345518086828,80,"TEP: valve sticking",5
"tep","AR(1)","GRU (seed 42)","actuation_idv14",8,0.857813317663939,0.826519482226884,0.890962195760062,12.9350624130898,15.0791112083868,80,"TEP: valve sticking",8
"tep","AR(1)","Ridge","actuation_idv14",0,1.60178179062349,1.51940006243594,1.68879730109988,1.04682563212712,0.653538227400901,80,"TEP: valve sticking",0
"tep","AR(1)","Ridge","actuation_idv14",0.5,1.20254180872262,1.17364759007558,1.23357031438302,1.5402645496078,1.28084074785218,80,"TEP: valve sticking",0.5
"tep","AR(1)","Ridge","actuation_idv14",1,1.06282252841855,1.05397276994634,1.07252802861485,2.71847978154019,2.55779277240689,80,"TEP: valve sticking",1
"tep","AR(1)","Ridge","actuation_idv14",2,1.0132465975658,1.00746026106716,1.01896763111285,5.17337200569848,5.10573834457169,80,"TEP: valve sticking",2
"tep","AR(1)","Ridge","actuation_idv14",3,1.00402129997149,0.99815431741416,1.00975240073614,7.55058076578811,7.52033922587352,80,"TEP: valve sticking",3
"tep","AR(1)","Ridge","actuation_idv14",5,0.993649596659094,0.987521142793184,0.999889411474512,10.0433216668951,10.1075084221473,80,"TEP: valve sticking",5
"tep","AR(1)","Ridge","actuation_idv14",8,0.972274595049031,0.966382506056086,0.978563422037187,12.9350624130898,13.3039189535108,80,"TEP: valve sticking",8
"tep","Persistence","GRU (seed 42)","regime_setpt18",0,2.03666325411613,1.94530679251196,2.13223489457426,1.30908275274108,0.642758566049346,80,"TEP: setpoint shift",0
"tep","Persistence","GRU (seed 42)","regime_setpt18",0.25,0.555126701842278,0.524365844039596,0.586275967287389,1.380705821374,2.48719043200752,80,"TEP: setpoint shift",2.5
"tep","Persistence","GRU (seed 42)","regime_setpt18",0.5,0.602023765582999,0.570231298517555,0.633818128535721,1.30917972547797,2.17463130248714,80,"TEP: setpoint shift",5
"tep","Persistence","GRU (seed 42)","regime_setpt18",1,0.620681414111263,0.599577093129474,0.640973906147241,1.84515500350094,2.97278919837315,80,"TEP: setpoint shift",10
"tep","Persistence","Ridge","regime_setpt18",0,2.00306990143064,1.910100610093,2.10284993036006,1.30908275274108,0.653538227400901,80,"TEP: setpoint shift",0
"tep","Persistence","Ridge","regime_setpt18",0.25,0.057416829497926,0.0543206900859455,0.0605450753844774,1.380705821374,24.0470578652184,80,"TEP: setpoint shift",2.5
"tep","Persistence","Ridge","regime_setpt18",0.5,0.0272250954985544,0.0258271383128662,0.0286167810305559,1.30917972547797,48.0872408894757,80,"TEP: setpoint shift",5
"tep","Persistence","Ridge","regime_setpt18",1,0.0192062179563756,0.0179919425427033,0.0204767836075348,1.84515500350094,96.0707104174268,80,"TEP: setpoint shift",10
"tep","History mean","GRU (seed 42)","regime_setpt18",0,1.99815998009782,1.88281288787521,2.11821759693046,1.28433444354487,0.642758566049346,80,"TEP: setpoint shift",0
"tep","History mean","GRU (seed 42)","regime_setpt18",0.25,0.55564825822132,0.518469091349615,0.593493169643792,1.38200303140971,2.48719043200752,80,"TEP: setpoint shift",2.5
"tep","History mean","GRU (seed 42)","regime_setpt18",0.5,0.591019185579884,0.550289433290581,0.630873378077925,1.28524882133247,2.17463130248714,80,"TEP: setpoint shift",5
"tep","History mean","GRU (seed 42)","regime_setpt18",1,0.626448530234975,0.5990774757637,0.654257003670427,1.86229942401927,2.97278919837315,80,"TEP: setpoint shift",10
"tep","History mean","Ridge","regime_setpt18",0,1.96520171230476,1.84467103898591,2.08790012346872,1.28433444354487,0.653538227400901,80,"TEP: setpoint shift",0
"tep","History mean","Ridge","regime_setpt18",0.25,0.0574707741444178,0.0535628237202585,0.0614814593162286,1.38200303140971,24.0470578652184,80,"TEP: setpoint shift",2.5
"tep","History mean","Ridge","regime_setpt18",0.5,0.0267274394945325,0.0249552359777129,0.0285476987426638,1.28524882133247,48.0872408894757,80,"TEP: setpoint shift",5
"tep","History mean","Ridge","regime_setpt18",1,0.0193846742251368,0.0182499952932025,0.0206159284303075,1.86229942401927,96.0707104174268,80,"TEP: setpoint shift",10
"tep","Drift","GRU (seed 42)","regime_setpt18",0,3.52823867813184,3.36564079406372,3.69112807772722,2.26780563343586,0.642758566049346,80,"TEP: setpoint shift",0
"tep","Drift","GRU (seed 42)","regime_setpt18",0.25,0.943362007991587,0.897509806062327,0.995149234155097,2.34632096019607,2.48719043200752,80,"TEP: setpoint shift",2.5
"tep","Drift","GRU (seed 42)","regime_setpt18",0.5,1.04148713447345,0.987183733058662,1.10027440824659,2.2648505237636,2.17463130248714,80,"TEP: setpoint shift",5
"tep","Drift","GRU (seed 42)","regime_setpt18",1,1.13773890225691,1.07993329737729,1.19766223786015,3.38225791919827,2.97278919837315,80,"TEP: setpoint shift",10
"tep","Drift","Ridge","regime_setpt18",0,3.47004281976718,3.3065739243813,3.63908300656353,2.26780563343586,0.653538227400901,80,"TEP: setpoint shift",0
"tep","Drift","Ridge","regime_setpt18",0.25,0.0975720594738448,0.0930944487436621,0.102264837645736,2.34632096019607,24.0470578652184,80,"TEP: setpoint shift",2.5
"tep","Drift","Ridge","regime_setpt18",0.5,0.0470987830008621,0.0449790474990957,0.0491911088501375,2.2648505237636,48.0872408894757,80,"TEP: setpoint shift",5
"tep","Drift","Ridge","regime_setpt18",1,0.0352059218101165,0.0324947231434557,0.0381815841675574,3.38225791919827,96.0707104174268,80,"TEP: setpoint shift",10
"tep","AR(1)","GRU (seed 42)","regime_setpt18",0,1.62864516697355,1.55057760107763,1.71392124249678,1.04682563212712,0.642758566049346,80,"TEP: setpoint shift",0
"tep","AR(1)","GRU (seed 42)","regime_setpt18",0.25,9.26367083884006,8.91475886778905,9.65641605830231,23.0405134756301,2.48719043200752,80,"TEP: setpoint shift",2.5
"tep","AR(1)","GRU (seed 42)","regime_setpt18",0.5,21.1625301154292,20.4101101025623,21.9790031246413,46.0207004288392,2.17463130248714,80,"TEP: setpoint shift",5
"tep","AR(1)","GRU (seed 42)","regime_setpt18",1,30.992629235854,29.8068884972781,32.1855061332141,92.1345534215309,2.97278919837315,80,"TEP: setpoint shift",10
"tep","AR(1)","Ridge","regime_setpt18",0,1.60178179062349,1.51940006243594,1.68879730109988,1.04682563212712,0.653538227400901,80,"TEP: setpoint shift",0
"tep","AR(1)","Ridge","regime_setpt18",0.25,0.958142721856873,0.957291960748818,0.959020167883962,23.0405134756301,24.0470578652184,80,"TEP: setpoint shift",2.5
"tep","AR(1)","Ridge","regime_setpt18",0.5,0.957025181266143,0.956689323781103,0.957377803524449,46.0207004288392,48.0872408894757,80,"TEP: setpoint shift",5
"tep","AR(1)","Ridge","regime_setpt18",1,0.959028542843148,0.958851101072364,0.959196050545113,92.1345534215309,96.0707104174268,80,"TEP: setpoint shift",10
