reference,model,domain,min_skill,crossing,last_severity
persistence,dlinear,actuation_idv6,1.5498629808425903,,1.0
history_mean,dlinear,actuation_idv6,1.538862954676934,,1.0
drift,dlinear,actuation_idv6,2.6373548476107125,,1.0
ar1,dlinear,actuation_idv6,1.283598756018892,,1.0
persistence,patchtf,actuation_idv6,1.6012663841247559,,1.0
history_mean,patchtf,actuation_idv6,1.5899015264945784,,1.0
drift,patchtf,actuation_idv6,2.7248264605891737,,1.0
ar1,patchtf,actuation_idv6,1.32617112875358,,1.0
persistence,dlinear_s42,actuation_idv6,1.5921522378921509,,1.0
history_mean,dlinear_s42,actuation_idv6,1.5808520671718973,,1.0
drift,dlinear_s42,actuation_idv6,2.7093171942569167,,1.0
ar1,dlinear_s42,actuation_idv6,1.3186227796988874,,1.0
persistence,dlinear_s123,actuation_idv6,1.6026973724365237,,1.0
history_mean,dlinear_s123,actuation_idv6,1.5913223584834537,,1.0
drift,dlinear_s123,actuation_idv6,2.7272615300163197,,1.0
ar1,dlinear_s123,actuation_idv6,1.3273562753372241,,1.0
persistence,dlinear_s7,actuation_idv6,1.604338884353638,,1.0
history_mean,dlinear_s7,actuation_idv6,1.592952219903548,,1.0
drift,dlinear_s7,actuation_idv6,2.730054841080281,,1.0
ar1,dlinear_s7,actuation_idv6,1.3287157778744438,,1.0
persistence,dlinear_s2024,actuation_idv6,1.3712007999420168,,1.0
history_mean,dlinear_s2024,actuation_idv6,1.361468814041217,,1.0
drift,dlinear_s2024,actuation_idv6,2.3333308308381704,,1.0
ar1,dlinear_s2024,actuation_idv6,1.1356304801220627,,1.0
persistence,dlinear_s31337,actuation_idv6,1.6091004610061646,,1.0
history_mean,dlinear_s31337,actuation_idv6,1.5976800016539352,,1.0
drift,dlinear_s31337,actuation_idv6,2.7381574717141093,,1.0
ar1,dlinear_s31337,actuation_idv6,1.3326593225254355,,1.0
persistence,patchtf_s42,actuation_idv6,1.612227201461792,,1.0
history_mean,patchtf_s42,actuation_idv6,1.6007845503240627,,1.0
drift,patchtf_s42,actuation_idv6,2.7434781511546795,,1.0
ar1,patchtf_s42,actuation_idv6,1.335248893480318,,1.0
persistence,patchtf_s123,actuation_idv6,1.6141653060913088,,1.0
history_mean,patchtf_s123,actuation_idv6,1.6027088994139604,,1.0
drift,patchtf_s123,actuation_idv6,2.7467761650455937,,1.0
ar1,patchtf_s123,actuation_idv6,1.336854034529709,,1.0
persistence,patchtf_s7,actuation_idv6,1.5896122455596924,,1.0
history_mean,patchtf_s7,actuation_idv6,1.578330102227965,,1.0
drift,patchtf_s7,actuation_idv6,2.7049949663092168,,1.0
ar1,patchtf_s7,actuation_idv6,1.3165191543858492,,1.0
persistence,patchtf_s2024,actuation_idv6,1.5799325704574585,,1.0
history_mean,patchtf_s2024,actuation_idv6,1.5687191278307067,,1.0
drift,patchtf_s2024,actuation_idv6,2.688523356644539,,1.0
ar1,patchtf_s2024,actuation_idv6,1.3085024335056978,,1.0
persistence,patchtf_s31337,actuation_idv6,1.611004114151001,,1.0
history_mean,patchtf_s31337,actuation_idv6,1.599570143775757,,1.0
drift,patchtf_s31337,actuation_idv6,2.7413968605580017,,1.0
ar1,patchtf_s31337,actuation_idv6,1.334235930805527,,1.0
persistence,dlinear,dynamics_idv13,1.3601330518722534,,6.0
history_mean,dlinear,dynamics_idv13,1.3643301026849082,,6.0
drift,dlinear,dynamics_idv13,1.98012077531236,,6.0
ar1,dlinear,dynamics_idv13,1.1955756292128614,,6.0
persistence,patchtf,dynamics_idv13,1.4174951314926147,,6.0
history_mean,patchtf,dynamics_idv13,1.4218691881963879,,6.0
drift,patchtf,dynamics_idv13,2.0636301389110523,,6.0
ar1,patchtf,dynamics_idv13,1.245997684864453,,6.0
persistence,dlinear_s42,dynamics_idv13,1.3635588884353638,,6.0
history_mean,dlinear_s42,dynamics_idv13,1.3677665105741925,,6.0
drift,dlinear_s42,dynamics_idv13,1.9851082066096892,,6.0
ar1,dlinear_s42,dynamics_idv13,1.1985869865935848,,6.0
persistence,dlinear_s123,dynamics_idv13,1.3676373958587646,,6.0
history_mean,dlinear_s123,dynamics_idv13,1.3718576033125904,,6.0
drift,dlinear_s123,dynamics_idv13,1.9910458148975145,,6.0
ar1,dlinear_s123,dynamics_idv13,1.2021720506226292,,6.0
persistence,dlinear_s7,dynamics_idv13,1.3648910522460938,,6.0
history_mean,dlinear_s7,dynamics_idv13,1.3691027851292328,,6.0
drift,dlinear_s7,dynamics_idv13,1.9870476089601539,,6.0
ar1,dlinear_s7,dynamics_idv13,1.199757976875775,,6.0
persistence,dlinear_s2024,dynamics_idv13,1.337992548942566,,6.0
history_mean,dlinear_s2024,dynamics_idv13,1.3421212793687072,,6.0
drift,dlinear_s2024,dynamics_idv13,1.9478879950217918,,6.0
ar1,dlinear_s2024,dynamics_idv13,1.1761138231161614,,6.0
persistence,dlinear_s31337,dynamics_idv13,1.367053151130676,,6.0
history_mean,dlinear_s31337,dynamics_idv13,1.371271555742635,,6.0
drift,dlinear_s31337,dynamics_idv13,1.9901952546362502,,6.0
ar1,dlinear_s31337,dynamics_idv13,1.2016584914841044,,6.0
persistence,patchtf_s42,dynamics_idv13,1.4153573513031006,,6.0
history_mean,patchtf_s42,dynamics_idv13,1.4197248113198295,,6.0
drift,patchtf_s42,dynamics_idv13,2.0605178970899445,,6.0
ar1,patchtf_s42,dynamics_idv13,1.2441185467230196,,6.0
persistence,patchtf_s123,dynamics_idv13,1.4192821979522705,,6.0
history_mean,patchtf_s123,dynamics_idv13,1.423661769122975,,6.0
drift,patchtf_s123,dynamics_idv13,2.0662318016077696,,6.0
ar1,patchtf_s123,dynamics_idv13,1.2475685408215278,,6.0
persistence,patchtf_s7,dynamics_idv13,1.4174437522888184,,6.0
history_mean,patchtf_s7,dynamics_idv13,1.4218176504484485,,6.0
drift,patchtf_s7,dynamics_idv13,2.0635553395899744,,6.0
ar1,patchtf_s7,dynamics_idv13,1.2459525218388041,,6.0
persistence,patchtf_s2024,dynamics_idv13,1.4152250289916992,,6.0
history_mean,patchtf_s2024,dynamics_idv13,1.419592080692886,,6.0
drift,patchtf_s2024,dynamics_idv13,2.0603252584672136,,6.0
ar1,patchtf_s2024,dynamics_idv13,1.2440022335943188,,6.0
persistence,patchtf_s31337,dynamics_idv13,1.4201830625534058,,6.0
history_mean,patchtf_s31337,dynamics_idv13,1.424565413580464,,6.0
drift,patchtf_s31337,dynamics_idv13,2.0675433061771176,,6.0
ar1,patchtf_s31337,dynamics_idv13,1.248360413176115,,6.0
persistence,dlinear,obs_bias,1.1442017555236816,,2.0
history_mean,dlinear,obs_bias,1.1458219096443523,,2.0
drift,dlinear,obs_bias,1.4394094780399485,,2.0
ar1,dlinear,obs_bias,0.7858553487938442,0.9908934749526658,2.0
persistence,patchtf,obs_bias,1.1339778900146484,,2.0
history_mean,patchtf,obs_bias,1.135583567459546,,2.0
drift,patchtf,obs_bias,1.4265478224404315,,2.0
ar1,patchtf,obs_bias,0.7788334408507426,0.9738657340229835,2.0
persistence,dlinear_s42,obs_bias,1.2539918422698975,,2.0
history_mean,dlinear_s42,obs_bias,1.2557674557408023,,2.0
drift,dlinear_s42,obs_bias,1.5775257592765581,,2.0
ar1,dlinear_s42,obs_bias,0.8612608675299743,1.334851732732209,2.0
persistence,dlinear_s123,obs_bias,1.275707483291626,,2.0
history_mean,dlinear_s123,obs_bias,1.2775138454352317,,2.0
drift,dlinear_s123,obs_bias,1.6048441053265368,,2.0
ar1,dlinear_s123,obs_bias,0.8761755034908341,1.408097115411157,2.0
persistence,dlinear_s7,obs_bias,1.4026254415512085,,2.0
history_mean,dlinear_s7,obs_bias,1.4046115155787269,,2.0
drift,dlinear_s7,obs_bias,1.7645073038580834,,2.0
ar1,dlinear_s7,obs_bias,0.9633447075886182,1.8088030474565708,2.0
persistence,dlinear_s2024,obs_bias,0.7129011750221252,0.8809864292782719,2.0
history_mean,dlinear_s2024,obs_bias,0.7139106209268943,0.8717210641269957,2.0
drift,dlinear_s2024,obs_bias,0.8968319645367165,1.7836881776215512,2.0
ar1,dlinear_s2024,obs_bias,0.4896314822521336,0.4853044804509502,2.0
persistence,dlinear_s31337,obs_bias,1.4861966371536255,,2.0
history_mean,dlinear_s31337,obs_bias,1.4883010453964787,,2.0
drift,dlinear_s31337,obs_bias,1.869640135948691,,2.0
ar1,dlinear_s31337,obs_bias,1.0207426889780085,,2.0
persistence,patchtf_s42,obs_bias,1.0716609954833984,,2.0
history_mean,patchtf_s42,obs_bias,1.0731784341426318,,2.0
drift,patchtf_s42,obs_bias,1.3481529692624246,,2.0
ar1,patchtf_s42,obs_bias,0.7360332400546942,0.921120109338742,2.0
persistence,patchtf_s123,obs_bias,1.1561185121536255,,2.0
history_mean,patchtf_s123,obs_bias,1.1577555400312762,,2.0
drift,patchtf_s123,obs_bias,1.4544007960988743,,2.0
ar1,patchtf_s123,obs_bias,0.7940399603736699,1.0351138361644348,2.0
persistence,patchtf_s7,obs_bias,1.1137419939041138,,2.0
history_mean,patchtf_s7,obs_bias,1.11531901794911,,2.0
drift,patchtf_s7,obs_bias,1.4010910002344528,,2.0
ar1,patchtf_s7,obs_bias,0.7649351164343271,0.9329124975636207,2.0
persistence,patchtf_s2024,obs_bias,1.204870581626892,,2.0
history_mean,patchtf_s2024,obs_bias,1.2065766409195595,,2.0
drift,patchtf_s2024,obs_bias,1.5157310558499304,,2.0
ar1,patchtf_s2024,obs_bias,0.8275236308674289,1.1179384126449516,2.0
persistence,patchtf_s31337,obs_bias,1.1320875883102417,,2.0
history_mean,patchtf_s31337,obs_bias,1.1336905891466817,,2.0
drift,patchtf_s31337,obs_bias,1.4241698168338657,,2.0
ar1,patchtf_s31337,obs_bias,0.777535152591639,0.9754362984806968,2.0
persistence,dlinear,obs_noise,1.3436967134475708,,2.0
history_mean,dlinear,obs_noise,0.7597019495416826,1.432021506821668,2.0
drift,dlinear,obs_noise,3.03693956986981,,2.0
ar1,dlinear,obs_noise,0.9102752919439363,1.5502846727587216,2.0
persistence,patchtf,obs_noise,1.2544927597045898,,2.0
history_mean,patchtf,obs_noise,0.7092676388172834,1.3878904045794742,2.0
drift,patchtf,obs_noise,2.8353263529885844,,2.0
ar1,patchtf,obs_noise,0.8498448732167763,1.4253809426807933,2.0
persistence,dlinear_s42,obs_noise,1.4542070627212524,,2.0
history_mean,dlinear_s42,obs_noise,0.8221825130107573,1.5876098188187346,2.0
drift,dlinear_s42,obs_noise,3.11730708517371,,2.0
ar1,dlinear_s42,obs_noise,0.9851395373061409,1.9221501138927772,2.0
persistence,dlinear_s123,obs_noise,1.5039011240005493,,2.0
history_mean,dlinear_s123,obs_noise,0.8502786412937999,1.6554269950881855,2.0
drift,dlinear_s123,obs_noise,3.1296132354426613,,2.0
ar1,dlinear_s123,obs_noise,1.0188043335999637,,2.0
persistence,dlinear_s7,obs_noise,1.4359763860702515,,2.0
history_mean,dlinear_s7,obs_noise,0.811875216390455,1.5641468482860161,2.0
drift,dlinear_s7,obs_noise,3.115527143754544,,2.0
ar1,dlinear_s7,obs_noise,0.9727893288515506,1.8597206451621235,2.0
persistence,dlinear_s2024,obs_noise,0.9935072064399719,1.9676617040964732,2.0
history_mean,dlinear_s2024,obs_noise,0.5617111019640874,0.9201840297921162,2.0
drift,dlinear_s2024,obs_noise,2.245463070641121,,2.0
ar1,dlinear_s2024,obs_noise,0.6730425499592003,0.7595711237652558,2.0
persistence,dlinear_s31337,obs_noise,1.5025050640106201,,2.0
history_mean,dlinear_s31337,obs_noise,0.8494893340897172,1.652218432389069,2.0
drift,dlinear_s31337,obs_noise,3.1321669836256762,,2.0
ar1,dlinear_s31337,obs_noise,1.0178585852758175,,2.0
persistence,patchtf_s42,obs_noise,1.2504171133041382,,2.0
history_mean,patchtf_s42,obs_noise,0.7069633416607313,1.37728220472746,2.0
drift,patchtf_s42,obs_noise,2.826114830996712,,2.0
ar1,patchtf_s42,obs_noise,0.8470838631019918,1.406822409441976,2.0
persistence,patchtf_s123,obs_noise,1.2513619661331177,,2.0
history_mean,patchtf_s123,obs_noise,0.7074975444529402,1.3829182600312004,2.0
drift,patchtf_s123,obs_noise,2.828250328475655,,2.0
ar1,patchtf_s123,obs_noise,0.8477239451801392,1.416283083039428,2.0
persistence,patchtf_s7,obs_noise,1.2580740451812744,,2.0
history_mean,patchtf_s7,obs_noise,0.7112924332007734,1.3955251105844249,2.0
drift,patchtf_s7,obs_noise,2.843420551230119,,2.0
ar1,patchtf_s7,obs_noise,0.8522709829558256,1.4388731224120936,2.0
persistence,patchtf_s2024,obs_noise,1.263061761856079,,2.0
history_mean,patchtf_s2024,obs_noise,0.7141123984828858,1.407598035020922,2.0
drift,patchtf_s2024,obs_noise,2.8546934776140422,,2.0
ar1,patchtf_s2024,obs_noise,0.8556498669010296,1.459778843718747,2.0
persistence,patchtf_s31337,obs_noise,1.2496570348739624,,2.0
history_mean,patchtf_s31337,obs_noise,0.706533606989633,1.3759014408259485,2.0
drift,patchtf_s31337,obs_noise,2.824396949098435,,2.0
ar1,patchtf_s31337,obs_noise,0.8465689547837647,1.4043187619531707,2.0
persistence,dlinear,process_idv1,1.142242670059204,,2.0
history_mean,dlinear,process_idv1,1.1582918137143852,,2.0
drift,dlinear,process_idv1,1.594278311409896,,2.0
ar1,dlinear,process_idv1,1.070402942917713,,2.0
persistence,patchtf,process_idv1,1.2987174987792969,,2.0
history_mean,patchtf,process_idv1,1.3169652006483978,,2.0
drift,patchtf,process_idv1,1.8126771090113654,,2.0
ar1,patchtf,process_idv1,1.2170365099738722,,2.0
persistence,dlinear_s42,process_idv1,1.1165012121200562,,2.0
history_mean,dlinear_s42,process_idv1,1.1321886740002622,,2.0
drift,dlinear_s42,process_idv1,1.558349826883638,,2.0
ar1,dlinear_s42,process_idv1,1.0462804573414841,,2.0
persistence,dlinear_s123,process_idv1,1.1552459001541138,,2.0
history_mean,dlinear_s123,process_idv1,1.1714777464111543,,2.0
drift,dlinear_s123,process_idv1,1.6124274913188485,,2.0
ar1,dlinear_s123,process_idv1,1.0825883533614555,,2.0
persistence,dlinear_s7,process_idv1,1.147631049156189,,2.0
history_mean,dlinear_s7,process_idv1,1.1637559025291586,,2.0
drift,dlinear_s7,process_idv1,1.6017991090067254,,2.0
ar1,dlinear_s7,process_idv1,1.0754524275799084,,2.0
persistence,dlinear_s2024,process_idv1,1.1424534320831299,,2.0
history_mean,dlinear_s2024,process_idv1,1.1585055370617563,,2.0
drift,dlinear_s2024,process_idv1,1.5945724812324926,,2.0
ar1,dlinear_s2024,process_idv1,1.0706004493640917,,2.0
persistence,dlinear_s31337,process_idv1,1.1502019166946411,,2.0
history_mean,dlinear_s31337,process_idv1,1.166362892183799,,2.0
drift,dlinear_s31337,process_idv1,1.605387381854079,,2.0
ar1,dlinear_s31337,process_idv1,1.0778616040632805,,2.0
persistence,patchtf_s42,process_idv1,1.2988883256912231,,2.0
history_mean,patchtf_s42,process_idv1,1.3171384277732752,,2.0
drift,patchtf_s42,process_idv1,1.8129155396424632,,2.0
ar1,patchtf_s42,process_idv1,1.2171965929702864,,2.0
persistence,patchtf_s123,process_idv1,1.3071715831756592,,2.0
history_mean,patchtf_s123,process_idv1,1.3255380696239978,,2.0
drift,patchtf_s123,process_idv1,1.824476846273195,,2.0
ar1,patchtf_s123,process_idv1,1.2249588867636236,,2.0
persistence,patchtf_s7,process_idv1,1.2654521465301514,,2.0
history_mean,patchtf_s7,process_idv1,1.2832324517321685,,2.0
drift,patchtf_s7,process_idv1,1.7662471944210847,,2.0
ar1,patchtf_s7,process_idv1,1.185863334712582,,2.0
persistence,patchtf_s2024,process_idv1,1.3138823509216309,,2.0
history_mean,patchtf_s2024,process_idv1,1.332343127382429,,2.0
drift,patchtf_s2024,process_idv1,1.8338433598440433,,2.0
ar1,patchtf_s2024,process_idv1,1.2312475903226958,,2.0
persistence,patchtf_s31337,process_idv1,1.3093843460083008,,2.0
history_mean,patchtf_s31337,process_idv1,1.3277819230029015,,2.0
drift,patchtf_s31337,process_idv1,1.827565296639168,,2.0
ar1,patchtf_s31337,process_idv1,1.2270324810270177,,2.0
persistence,dlinear,regime_setpt18,0.021128132939338684,0.11372450850281082,1.0
history_mean,dlinear,regime_setpt18,0.021324446850740173,0.11100422803333466,1.0
drift,dlinear,regime_setpt18,0.03872888446573036,0.17508957834028546,1.0
ar1,dlinear,regime_setpt18,1.0519374637580516,,1.0
persistence,patchtf,regime_setpt18,0.0671907290816307,0.1381305201046637,1.0
history_mean,patchtf,regime_setpt18,0.06781503766932295,0.13574930234547825,1.0
drift,patchtf,regime_setpt18,0.12316383994941464,0.19652421694143057,1.0
ar1,patchtf,regime_setpt18,1.5938035428707316,,1.0
persistence,dlinear_s42,regime_setpt18,0.02004341594874859,0.11489900164004917,1.0
history_mean,dlinear_s42,regime_setpt18,0.020229651116524323,0.11220783824350763,1.0
drift,dlinear_s42,regime_setpt18,0.03674054602015196,0.1755425810854407,1.0
ar1,dlinear_s42,regime_setpt18,0.9995458882109354,0.41938172330041557,1.0
persistence,dlinear_s123,regime_setpt18,0.020790979266166687,0.11558923068468423,1.0
history_mean,dlinear_s123,regime_setpt18,0.020984160484465865,0.11290901720105345,1.0
drift,dlinear_s123,regime_setpt18,0.03811086555734103,0.17605536711521813,1.0
ar1,dlinear_s123,regime_setpt18,1.036400463398466,,1.0
persistence,dlinear_s7,regime_setpt18,0.01974407397210598,0.11475380270524996,1.0
history_mean,dlinear_s7,regime_setpt18,0.019927527777493945,0.11206118899080442,1.0
drift,dlinear_s7,regime_setpt18,0.03619183777118267,0.17540068240834383,1.0
ar1,dlinear_s7,regime_setpt18,0.9839563103886088,0.24142232381571652,1.0
persistence,dlinear_s2024,regime_setpt18,0.026337962597608566,0.1080484861028474,1.0
history_mean,dlinear_s2024,regime_setpt18,0.026582684100958046,0.10518413398998419,1.0
drift,dlinear_s2024,regime_setpt18,0.04827875295153446,0.17297110493232976,1.0
ar1,dlinear_s2024,regime_setpt18,1.300055493740715,,1.0
persistence,dlinear_s31337,regime_setpt18,0.019981738179922104,0.11554357564831796,1.0
history_mean,dlinear_s31337,regime_setpt18,0.020167400263266785,0.11286613765883957,1.0
drift,dlinear_s31337,regime_setpt18,0.03662748770166054,0.17588028748292406,1.0
ar1,dlinear_s31337,regime_setpt18,0.9958518467502578,0.24795019468857007,1.0
persistence,patchtf_s42,regime_setpt18,0.05533552169799805,0.13556838043671116,1.0
history_mean,patchtf_s42,regime_setpt18,0.055849676580266405,0.13317368088014384,1.0
drift,patchtf_s42,regime_setpt18,0.10143267428531058,0.19305596852659918,1.0
ar1,patchtf_s42,regime_setpt18,1.5923556163300974,,1.0
persistence,patchtf_s123,regime_setpt18,0.07059724628925323,0.13861491406388712,1.0
history_mean,patchtf_s123,regime_setpt18,0.07125320683214686,0.1362310453101444,1.0
drift,patchtf_s123,regime_setpt18,0.12940814992906705,0.197446861084259,1.0
ar1,patchtf_s123,regime_setpt18,1.590349643705529,,1.0
persistence,patchtf_s7,regime_setpt18,0.0651448667049408,0.13781911393322724,1.0
history_mean,patchtf_s7,regime_setpt18,0.06575016598184774,0.1354416348831189,1.0
drift,patchtf_s7,regime_setpt18,0.11941367575615167,0.19583471924120768,1.0
ar1,patchtf_s7,regime_setpt18,1.5974158760283321,,1.0
persistence,patchtf_s2024,regime_setpt18,0.08306814730167389,0.14130107792219251,1.0
history_mean,patchtf_s2024,regime_setpt18,0.08383998232166771,0.13893088094601694,1.0
drift,patchtf_s2024,regime_setpt18,0.15226791164489412,0.2012412189760077,1.0
ar1,patchtf_s2024,regime_setpt18,1.589659187985349,,1.0
persistence,patchtf_s31337,regime_setpt18,0.06761377304792404,0.13867323684055843,1.0
history_mean,patchtf_s31337,regime_setpt18,0.0682420123859555,0.13630260733080282,1.0
drift,patchtf_s31337,regime_setpt18,0.12393929989855161,0.1968905776167525,1.0
ar1,patchtf_s31337,regime_setpt18,1.599284672651059,,1.0
