"system","reference","model","domain","severity","skill","ci_low","ci_high","reference_loss","model_loss","n_valid"
"tep","persistence","GRU (seed 42)","Actuation / IDV(14)",0,2.03666325411613,1.94530679251196,2.13223489457426,1.30908275274108,0.642758566049346,80
"tep","persistence","GRU (seed 42)","Actuation / IDV(14)",0.5,1.47209221117061,1.4332274114955,1.5114974101427,1.91653892432092,1.30191499539073,80
"tep","persistence","GRU (seed 42)","Actuation / IDV(14)",1,1.23847877156928,1.21611010197026,1.26020234633174,3.34825547023633,2.70352269824839,80
"tep","persistence","GRU (seed 42)","Actuation / IDV(14)",2,1.11610037592667,1.1048926418476,1.12665841322749,6.2547680863712,5.60412685210147,80
"tep","persistence","GRU (seed 42)","Actuation / IDV(14)",3,1.07619171536114,1.06894300994491,1.08326618890613,9.02756826778279,8.38843873161893,80
"tep","persistence","GRU (seed 42)","Actuation / IDV(14)",5,1.05047635839386,1.0456724424058,1.05520310634801,12.536964523048,11.9345518086828,80
"tep","persistence","GRU (seed 42)","Actuation / IDV(14)",8,1.03041762041733,1.02509107527073,1.03588334697823,15.5377818893543,15.0791112083868,80
"tep","persistence","MLP (seed 42)","Actuation / IDV(14)",0,1.95800270873718,1.86870827185138,2.05324913627536,1.30908275274108,0.668580664827259,80
"tep","persistence","MLP (seed 42)","Actuation / IDV(14)",0.5,1.46519489137648,1.42266805527215,1.5104658706772,1.91653892432092,1.30804368456433,80
"tep","persistence","MLP (seed 42)","Actuation / IDV(14)",1,1.27655253897557,1.24106703591896,1.31232672460496,3.34825547023633,2.62288888863384,80
"tep","persistence","MLP (seed 42)","Actuation / IDV(14)",2,1.20368860685173,1.16902835190301,1.23767894938457,6.2547680863712,5.19633404417662,80
"tep","persistence","MLP (seed 42)","Actuation / IDV(14)",3,1.18404039053776,1.15682349878966,1.21210746172478,9.02756826778279,7.62437526618726,80
"tep","persistence","MLP (seed 42)","Actuation / IDV(14)",5,1.21961602908926,1.18133957030745,1.25820673055464,12.536964523048,10.2794356781371,80
"tep","persistence","MLP (seed 42)","Actuation / IDV(14)",8,1.17357933654763,1.12900490769494,1.21761034622013,15.5377818893543,13.2396518969586,80
"tep","persistence","Ridge","Actuation / IDV(14)",0,2.00306990143064,1.910100610093,2.10284993036006,1.30908275274108,0.653538227400901,80
"tep","persistence","Ridge","Actuation / IDV(14)",0.5,1.4963132048498,1.45469936164937,1.54058147388993,1.91653892432092,1.28084074785218,80
"tep","persistence","Ridge","Actuation / IDV(14)",1,1.3090409459112,1.27208805617087,1.34754943881378,3.34825547023633,2.55779277240689,80
"tep","persistence","Ridge","Actuation / IDV(14)",2,1.22504673452785,1.18899640016563,1.26039522690971,6.2547680863712,5.10573834457169,80
"tep","persistence","Ridge","Actuation / IDV(14)",3,1.20042035294414,1.17263554786137,1.22908029294593,9.02756826778279,7.52033922587352,80
"tep","persistence","Ridge","Actuation / IDV(14)",5,1.24036152130008,1.19954233435913,1.28195003330644,12.536964523048,10.1075084221473,80
"tep","persistence","Ridge","Actuation / IDV(14)",8,1.16791014314275,1.11962383986895,1.2162638532162,15.5377818893543,13.3039189535108,80
"tep","persistence","GRU (seed 42)","Actuation / IDV(6)",0,2.03666325411613,1.94530679251196,2.13223489457426,1.30908275274108,0.642758566049346,80
"tep","persistence","GRU (seed 42)","Actuation / IDV(6)",0.05,2.03409861459012,1.94307097858996,2.12964681494204,1.30742544581893,0.642754208886959,80
"tep","persistence","GRU (seed 42)","Actuation / IDV(6)",0.1,2.03128370961821,1.94013386579655,2.12723994420834,1.30595565975978,0.642921347508487,80
"tep","persistence","GRU (seed 42)","Actuation / IDV(6)",0.2,2.02479970771409,1.93283723457249,2.12049128070627,1.30365418918567,0.643843528927331,80
"tep","persistence","GRU (seed 42)","Actuation / IDV(6)",0.35,2.00878043280622,1.91652172184276,2.10713661717034,1.30236101847006,0.648334181875066,80
"tep","persistence","GRU (seed 42)","Actuation / IDV(6)",0.5,1.97066288190595,1.87695333203064,2.06889914540095,1.30607518684091,0.662759317604706,80
"tep","persistence","GRU (seed 42)","Actuation / IDV(6)",0.75,1.82443660836348,1.7202259548903,1.93478975692715,1.34454937290053,0.736966889798702,80
"tep","persistence","GRU (seed 42)","Actuation / IDV(6)",1,1.59126401952043,1.48704362402862,1.70413361790274,1.46340091739206,0.919646833862993,78
"tep","persistence","MLP (seed 42)","Actuation / IDV(6)",0,1.95800270873718,1.86870827185138,2.05324913627536,1.30908275274108,0.668580664827259,80
"tep","persistence","MLP (seed 42)","Actuation / IDV(6)",0.05,1.95669174900903,1.86630231014966,2.05296569806833,1.30742544581893,0.668181611375976,80
"tep","persistence","MLP (seed 42)","Actuation / IDV(6)",0.1,1.95517229510194,1.86412313872141,2.05208906031581,1.30595565975978,0.667949143424052,80
"tep","persistence","MLP (seed 42)","Actuation / IDV(6)",0.2,1.95175430597689,1.85878438409439,2.0496034730232,1.30365418918567,0.667939701833097,80
"tep","persistence","MLP (seed 42)","Actuation / IDV(6)",0.35,1.94332228124415,1.84745442130692,2.04290146309379,1.30236101847006,0.670172431531153,80
"tep","persistence","MLP (seed 42)","Actuation / IDV(6)",0.5,1.91870019578743,1.82032432392029,2.01631396718093,1.30607518684091,0.680708319991024,80
"tep","persistence","MLP (seed 42)","Actuation / IDV(6)",0.75,1.81005642625757,1.71030293160801,1.91678793385208,1.34454937290053,0.742821800136079,80
"tep","persistence","MLP (seed 42)","Actuation / IDV(6)",1,1.61595827463212,1.50992050607635,1.72928728234042,1.46340091739206,0.905593257180608,78
"tep","persistence","Ridge","Actuation / IDV(6)",0,2.00306990143064,1.910100610093,2.10284993036006,1.30908275274108,0.653538227400901,80
"tep","persistence","Ridge","Actuation / IDV(6)",0.05,2.00087122030563,1.90694091368018,2.10186955464605,1.30742544581893,0.653428083002373,80
"tep","persistence","Ridge","Actuation / IDV(6)",0.1,1.99841214334535,1.90496307977114,2.09921538239355,1.30595565975978,0.65349665938959,80
"tep","persistence","Ridge","Actuation / IDV(6)",0.2,1.99320918008668,1.89982484646867,2.09311092163556,1.30365418918567,0.654047855192486,80
"tep","persistence","Ridge","Actuation / IDV(6)",0.35,1.98453993879131,1.89041087398278,2.0850229429785,1.30236101847006,0.656253367852737,80
"tep","persistence","Ridge","Actuation / IDV(6)",0.5,1.96989663697813,1.87396028205429,2.07175597920821,1.30607518684091,0.663017115885056,80
"tep","persistence","Ridge","Actuation / IDV(6)",0.75,1.91335277795787,1.81278060262792,2.01876367149841,1.34454937290053,0.702719011564385,80
"tep","persistence","Ridge","Actuation / IDV(6)",1,1.79401451994103,1.68764995038877,1.90474243508376,1.46340091739206,0.815712972847157,78
"tep","persistence","GRU (seed 42)","Dynamics / IDV(13)",0,2.03666325411613,1.94530679251196,2.13223489457426,1.30908275274108,0.642758566049346,80
"tep","persistence","GRU (seed 42)","Dynamics / IDV(13)",0.25,2.03121583962181,1.94200471482134,2.12329017233454,1.31435241683639,0.647076687370215,80
"tep","persistence","GRU (seed 42)","Dynamics / IDV(13)",0.5,2.00677594650561,1.92236210800178,2.09349885910427,1.32308333986877,0.659307952226879,80
"tep","persistence","GRU (seed 42)","Dynamics / IDV(13)",1,1.92276865262623,1.83896174291285,2.00691919347983,1.35009987557646,0.702164492713365,80
"tep","persistence","GRU (seed 42)","Dynamics / IDV(13)",1.5,1.83187424586182,1.74124876433393,1.92651681982379,1.36808301674666,0.746821469780003,78
"tep","persistence","GRU (seed 42)","Dynamics / IDV(13)",2,1.7389402268709,1.63527730517796,1.84732307882578,1.39666328224403,0.803169229546912,77
"tep","persistence","GRU (seed 42)","Dynamics / IDV(13)",3,1.5338852275832,1.38349142166287,1.71192193053674,1.6231309495998,1.0581827899583,73
"tep","persistence","GRU (seed 42)","Dynamics / IDV(13)",4,1.37491668341769,1.23469028012594,1.59313738794866,2.01056329552713,1.46231645871763,70
"tep","persistence","GRU (seed 42)","Dynamics / IDV(13)",6,1.42931480868775,1.32055985160294,1.57321586183397,1.75585954801874,1.22846243343046,61
"tep","persistence","MLP (seed 42)","Dynamics / IDV(13)",0,1.95800270873718,1.86870827185138,2.05324913627536,1.30908275274108,0.668580664827259,80
"tep","persistence","MLP (seed 42)","Dynamics / IDV(13)",0.25,1.95116136545106,1.86093327524059,2.04331977514104,1.31435241683639,0.673625687813138,80
"tep","persistence","MLP (seed 42)","Dynamics / IDV(13)",0.5,1.92815810414796,1.84053524658501,2.01853622204653,1.32308333986877,0.68619027507261,80
"tep","persistence","MLP (seed 42)","Dynamics / IDV(13)",1,1.85268011020296,1.7688376873867,1.93924773744781,1.35009987557646,0.728728002282356,80
"tep","persistence","MLP (seed 42)","Dynamics / IDV(13)",1.5,1.77426786699926,1.68432561947912,1.8684816791791,1.36808301674666,0.771069037653506,78
"tep","persistence","MLP (seed 42)","Dynamics / IDV(13)",2,1.68816387684105,1.59017056941509,1.79216719183389,1.39666328224403,0.827326837994848,77
"tep","persistence","MLP (seed 42)","Dynamics / IDV(13)",3,1.49852339978789,1.36060292307731,1.66728800348519,1.6231309495998,1.08315355624714,73
"tep","persistence","MLP (seed 42)","Dynamics / IDV(13)",4,1.3529634628992,1.22229106842124,1.55408245644154,2.01056329552713,1.48604404380499,70
"tep","persistence","MLP (seed 42)","Dynamics / IDV(13)",6,1.40633099452121,1.29888668124896,1.54801566059949,1.75585954801874,1.24853932314599,61
"tep","persistence","Ridge","Dynamics / IDV(13)",0,2.00306990143064,1.910100610093,2.10284993036006,1.30908275274108,0.653538227400901,80
"tep","persistence","Ridge","Dynamics / IDV(13)",0.25,1.99642880440793,1.90422066535426,2.09251056524933,1.31435241683639,0.658351759869634,80
"tep","persistence","Ridge","Dynamics / IDV(13)",0.5,1.97196300549817,1.88150723882507,2.066100456594,1.32308333986877,0.670947343423679,80
"tep","persistence","Ridge","Dynamics / IDV(13)",1,1.89056449410628,1.8011792491833,1.98057793050083,1.35009987557646,0.714125267762786,80
"tep","persistence","Ridge","Dynamics / IDV(13)",1.5,1.80386006586673,1.70877170049078,1.90100952517148,1.36808301674666,0.758419703741993,78
"tep","persistence","Ridge","Dynamics / IDV(13)",2,1.71351919761919,1.60965368150616,1.82317386002792,1.39666328224403,0.815084700646829,77
"tep","persistence","Ridge","Dynamics / IDV(13)",3,1.51888594085384,1.37036234896917,1.69480015486095,1.6231309495998,1.06863254569817,73
"tep","persistence","Ridge","Dynamics / IDV(13)",4,1.36655795815832,1.22978251287225,1.57954499780015,2.01056329552713,1.47126090300387,70
"tep","persistence","Ridge","Dynamics / IDV(13)",6,1.42138587326747,1.31343773553167,1.56364113394356,1.75585954801874,1.23531518150126,61
"tep","persistence","GRU (seed 42)","Observation bias",0,2.03666325411613,1.94530679251196,2.13223489457426,1.30908275274108,0.642758566049346,80
"tep","persistence","GRU (seed 42)","Observation bias",0.02,2.03541821283066,1.94401303902009,2.1300613254291,1.30929866917476,0.643257813515341,80
"tep","persistence","GRU (seed 42)","Observation bias",0.05,2.03174287156227,1.94070259535778,2.12627509668478,1.31020360984976,0.644866842250713,80
"tep","persistence","GRU (seed 42)","Observation bias",0.08,2.02596473647418,1.93449683480614,2.11983139004693,1.31180457242861,0.6474962514459,80
"tep","persistence","GRU (seed 42)","Observation bias",0.12,2.01517807186175,1.92428960121223,2.10818342557713,1.31501739276542,0.652556422247352,80
"tep","persistence","GRU (seed 42)","Observation bias",0.18,1.99309304547574,1.90311512175785,2.08493238212902,1.32212714141709,0.663354450219107,80
"tep","persistence","GRU (seed 42)","Observation bias",0.25,1.96003935774651,1.8719424101983,2.04951440310961,1.33383874373003,0.680516306194775,80
"tep","persistence","GRU (seed 42)","Observation bias",0.35,1.90370920269348,1.81967692497481,1.99123183354618,1.35675467318569,0.71269008484388,80
"tep","persistence","GRU (seed 42)","Observation bias",0.5,1.81130805737155,1.73478526504055,1.88978634847544,1.40397581345868,0.775117080578792,80
"tep","persistence","GRU (seed 42)","Observation bias",0.7,1.69397564203058,1.62886749099305,1.76297631170621,1.48840243007155,0.878644528965827,80
"tep","persistence","GRU (seed 42)","Observation bias",1,1.55283575055862,1.50212732000893,1.60626722308031,1.65273980137305,1.06433652160474,80
"tep","persistence","GRU (seed 42)","Observation bias",1.3,1.45277776566342,1.410968120663,1.4956233030489,1.85120070574296,1.27424906237988,80
"tep","persistence","GRU (seed 42)","Observation bias",1.6,1.38363006835797,1.34771681941547,1.41981027650489,2.07397254173675,1.49893572651109,80
"tep","persistence","GRU (seed 42)","Observation bias",2,1.32296928598507,1.29329620639991,1.35318733164989,2.39708415333551,1.81189705515398,80
"tep","persistence","MLP (seed 42)","Observation bias",0,1.95800270873718,1.86870827185138,2.05324913627536,1.30908275274108,0.668580664827259,80
"tep","persistence","MLP (seed 42)","Observation bias",0.02,1.95723274537829,1.86826749104887,2.05302679962108,1.30929866917476,0.668953997559292,80
"tep","persistence","MLP (seed 42)","Observation bias",0.05,1.95448566596036,1.86554391599734,2.04929641507298,1.31020360984976,0.670357236519295,80
"tep","persistence","MLP (seed 42)","Observation bias",0.08,1.94966718473189,1.86079382102211,2.0429713508979,1.31180457242861,0.67283512935004,80
"tep","persistence","MLP (seed 42)","Observation bias",0.12,1.94050148962728,1.85218025624317,2.03187386668625,1.31501739276542,0.677668839624544,80
"tep","persistence","MLP (seed 42)","Observation bias",0.18,1.92155560835738,1.83423673973324,2.01086927042297,1.32212714141709,0.688050418976576,80
"tep","persistence","MLP (seed 42)","Observation bias",0.25,1.89195972666524,1.80623057764517,1.97990573755942,1.33383874373003,0.705003771978304,80
"tep","persistence","MLP (seed 42)","Observation bias",0.35,1.83910967375649,1.75677546382929,1.92512754169709,1.35675467318569,0.737723634727255,80
"tep","persistence","MLP (seed 42)","Observation bias",0.5,1.74847854999342,1.67290110814045,1.82707808163134,1.40397581345868,0.802969995522086,80
"tep","persistence","MLP (seed 42)","Observation bias",0.7,1.62808225469574,1.56253526326149,1.69694601017762,1.48840243007155,0.914205916672006,80
"tep","persistence","MLP (seed 42)","Observation bias",1,1.47993425168036,1.42568860109451,1.53646571505831,1.65273980137305,1.11676569381138,80
"tep","persistence","MLP (seed 42)","Observation bias",1.3,1.37385775246217,1.32906593251277,1.42168918693899,1.85120070574296,1.34744714467369,80
"tep","persistence","MLP (seed 42)","Observation bias",1.6,1.30003501805468,1.26266603841824,1.33954972575848,2.07397254173675,1.5953205205504,80
"tep","persistence","MLP (seed 42)","Observation bias",2,1.23500300782271,1.20461550894835,1.26721904348415,2.39708415333551,1.94095410144914,80
"tep","persistence","Ridge","Observation bias",0,2.00306990143064,1.910100610093,2.10284993036006,1.30908275274108,0.653538227400901,80
"tep","persistence","Ridge","Observation bias",0.02,2.00105438261477,1.90831715833977,2.10066296540853,1.30929866917476,0.65430439100006,80
"tep","persistence","Ridge","Observation bias",0.05,1.99448853218047,1.90302108122014,2.09170953158163,1.31020360984976,0.656912079818971,80
"tep","persistence","Ridge","Observation bias",0.08,1.98382397160643,1.89321923327471,2.08074630642894,1.31180457242861,0.661250489561509,80
"tep","persistence","Ridge","Observation bias",0.12,1.96368737243514,1.87481263261535,2.05808576170227,1.31501739276542,0.66966738760187,80
"tep","persistence","Ridge","Observation bias",0.18,1.92254853139575,1.83611660472009,2.01573975624543,1.32212714141709,0.687695067160274,80
"tep","persistence","Ridge","Observation bias",0.25,1.86208960979009,1.78027076003718,1.94995595254777,1.33383874373003,0.716312865244116,80
"tep","persistence","Ridge","Observation bias",0.35,1.76300056380699,1.68671258279748,1.84152867965428,1.35675467318569,0.769571321211571,80
"tep","persistence","Ridge","Observation bias",0.5,1.61162880143694,1.54621444846528,1.679129547327,1.40397581345868,0.87115334015307,80
"tep","persistence","Ridge","Observation bias",0.7,1.43843488512054,1.38529066916157,1.49197905747703,1.48840243007155,1.03473743960737,80
"tep","persistence","Ridge","Observation bias",1,1.2564698078909,1.21568616418521,1.29648316287354,1.65273980137305,1.3153836176512,80
"tep","persistence","Ridge","Observation bias",1.3,1.1436657231986,1.11223559913973,1.17574028330155,1.85120070574296,1.61865540620167,80
"tep","persistence","Ridge","Observation bias",1.6,1.07241019272672,1.04668749927183,1.09868027368358,2.07397254173675,1.93393587248872,80
"tep","persistence","Ridge","Observation bias",2,1.0137056557242,0.9927042617476,1.03490748349418,2.39708415333551,2.3646747355109,80
"tep","persistence","GRU (seed 42)","Observation noise",0,2.03666325411613,1.94530679251196,2.13223489457426,1.30908275274108,0.642758566049346,80
"tep","persistence","GRU (seed 42)","Observation noise",0.02,2.03850886225341,1.94702905485032,2.13376900091001,1.30945821791689,0.642360816851877,80
"tep","persistence","GRU (seed 42)","Observation noise",0.05,2.03951341894956,1.94676815413443,2.13560049494031,1.3106226473791,0.642615358742837,80
"tep","persistence","GRU (seed 42)","Observation noise",0.08,2.03841446106729,1.94596055085661,2.13569809441399,1.31250646837701,0.64388596796443,80
"tep","persistence","GRU (seed 42)","Observation noise",0.12,2.03377709558339,1.93991336828663,2.13182920038645,1.31613078219091,0.647136200446478,80
"tep","persistence","GRU (seed 42)","Observation noise",0.18,2.0205445055979,1.92721011774798,2.11897499213015,1.32392446429874,0.655231528249348,80
"tep","persistence","GRU (seed 42)","Observation noise",0.25,1.99706103306569,1.90439322534597,2.0949395408862,1.3365191070629,0.669242995048185,80
"tep","persistence","GRU (seed 42)","Observation noise",0.35,1.95290843346796,1.85918391059618,2.04789133005607,1.36081078959798,0.696812388270282,80
"tep","persistence","GRU (seed 42)","Observation noise",0.5,1.87603681874203,1.7865712696902,1.96781591143577,1.41021374705359,0.751698331805241,80
"tep","persistence","GRU (seed 42)","Observation noise",0.7,1.77595762793857,1.69168669812093,1.8619908606535,1.49749614457328,0.843204883390992,80
"tep","persistence","GRU (seed 42)","Observation noise",1,1.65537296576922,1.5804057442646,1.73226038945758,1.66557581909504,1.00616347707544,80
"tep","persistence","GRU (seed 42)","Observation noise",1.3,1.56862732264192,1.50325089431809,1.63362715177862,1.86702108417019,1.19022603853776,80
"tep","persistence","GRU (seed 42)","Observation noise",1.6,1.50435151466962,1.44793174414946,1.56162912196275,2.09215586864325,1.39073604024171,80
"tep","persistence","GRU (seed 42)","Observation noise",2,1.43908628566491,1.39065351221702,1.48752734194413,2.41775017398523,1.68005921400893,80
"tep","persistence","MLP (seed 42)","Observation noise",0,1.95800270873718,1.86870827185138,2.05324913627536,1.30908275274108,0.668580664827259,80
"tep","persistence","MLP (seed 42)","Observation noise",0.02,1.95843733162505,1.86862846013834,2.05377486299215,1.30945821791689,0.668624007912648,80
"tep","persistence","MLP (seed 42)","Observation noise",0.05,1.95753980919032,1.86731088956507,2.05312168164522,1.3106226473791,0.669525412063626,80
"tep","persistence","MLP (seed 42)","Observation noise",0.08,1.95490367037351,1.86359995660052,2.05057699322925,1.31250646837701,0.671391889159549,80
"tep","persistence","MLP (seed 42)","Observation noise",0.12,1.94849873682037,1.85784070946955,2.04390132752402,1.31613078219091,0.675458883970652,80
"tep","persistence","MLP (seed 42)","Observation noise",0.18,1.93340496996776,1.84267411874005,2.02799374482219,1.32392446429874,0.6847631431923,80
"tep","persistence","MLP (seed 42)","Observation noise",0.25,1.90857815205384,1.8181507313289,2.00160452808868,1.3365191070629,0.700269520336205,80
"tep","persistence","MLP (seed 42)","Observation noise",0.35,1.86235269480686,1.77438250088282,1.95144674142025,1.36081078959798,0.730694456207237,80
"tep","persistence","MLP (seed 42)","Observation noise",0.5,1.78014782611962,1.69673084910416,1.86475861253874,1.41021374705359,0.792189124050212,80
"tep","persistence","MLP (seed 42)","Observation noise",0.7,1.66901464018973,1.59422707245575,1.74410441587564,1.49749614457328,0.897233678191733,80
"tep","persistence","MLP (seed 42)","Observation noise",1,1.52785242419498,1.46157489176614,1.59187679280816,1.66557581909504,1.09014181783468,80
"tep","persistence","MLP (seed 42)","Observation noise",1.3,1.4277254411616,1.37069839462646,1.48363455830773,1.86702108417019,1.3076891609154,80
"tep","persistence","MLP (seed 42)","Observation noise",1.6,1.35955060605275,1.30888595186465,1.40893479383869,2.09215586864325,1.53885839874509,80
"tep","persistence","MLP (seed 42)","Observation noise",2,1.30007960048428,1.25413232252559,1.34580914391031,2.41775017398523,1.85969395495831,80
"tep","persistence","Ridge","Observation noise",0,2.00306990143064,1.910100610093,2.10284993036006,1.30908275274108,0.653538227400901,80
"tep","persistence","Ridge","Observation noise",0.02,2.00234271500705,1.90819694224382,2.10178814679412,1.30945821791689,0.653963084392514,80
"tep","persistence","Ridge","Observation noise",0.05,1.99423647579397,1.9003305617684,2.09354623355921,1.3106226473791,0.657205232823404,80
"tep","persistence","Ridge","Observation noise",0.08,1.97809011521796,1.88305599091347,2.07698241079092,1.31250646837701,0.663522080353952,80
"tep","persistence","Ridge","Observation noise",0.12,1.94535336720574,1.85191282163431,2.0436435272489,1.31613078219091,0.67655100835555,80
"tep","persistence","Ridge","Observation noise",0.18,1.87722696564098,1.78484990001543,1.97202453916773,1.32392446429874,0.705255405196399,80
"tep","persistence","Ridge","Observation noise",0.25,1.7798298708995,1.69036254396711,1.87030655112333,1.3365191070629,0.75092520297316,80
"tep","persistence","Ridge","Observation noise",0.35,1.63082125212162,1.54788767813163,1.71322644143251,1.36081078959798,0.834432828139587,80
"tep","persistence","Ridge","Observation noise",0.5,1.42690910085192,1.35398384483374,1.49986549143653,1.41021374705359,0.988299637455281,80
"tep","persistence","Ridge","Observation noise",0.7,1.22134427626587,1.15968224079394,1.28627974928172,1.49749614457328,1.22610485321282,80
"tep","persistence","Ridge","Observation noise",1,1.02874763999138,0.977251377260834,1.0819626952682,1.66557581909504,1.61903245689,80
"tep","persistence","Ridge","Observation noise",1.3,0.918268090132781,0.874169451771018,0.965137970223796,1.86702108417019,2.03319826119648,80
"tep","persistence","Ridge","Observation noise",1.6,0.851161787660148,0.81065354366286,0.892474422432715,2.09215586864325,2.45800022859885,80
"tep","persistence","Ridge","Observation noise",2,0.797075289749931,0.760558494387746,0.835339162154927,2.41775017398523,3.03327703803709,80
"tep","persistence","GRU (seed 42)","Process input / IDV(1)",0,2.03666325411613,1.94530679251196,2.13223489457426,1.30908275274108,0.642758566049346,80
"tep","persistence","GRU (seed 42)","Process input / IDV(1)",0.1,2.02163182753447,1.93075240732667,2.11634401609305,1.30789628622958,0.64695077927451,80
"tep","persistence","GRU (seed 42)","Process input / IDV(1)",0.25,1.9844456832217,1.89233004567107,2.07905181177642,1.31589681274752,0.663105482741755,80
"tep","persistence","GRU (seed 42)","Process input / IDV(1)",0.5,1.89860327079671,1.80675277919444,1.99655386004103,1.35664369401152,0.714548276029375,80
"tep","persistence","GRU (seed 42)","Process input / IDV(1)",0.75,1.79990842907197,1.70990923019883,1.89350220887913,1.43024252598881,0.794619605579738,80
"tep","persistence","GRU (seed 42)","Process input / IDV(1)",1,1.69720717265149,1.61185539983145,1.78758854604492,1.5211453114439,0.896263777313328,79
"tep","persistence","GRU (seed 42)","Process input / IDV(1)",1.5,1.53904852750113,1.46637168528987,1.61511604166235,1.7643570648451,1.14639469342126,76
"tep","persistence","GRU (seed 42)","Process input / IDV(1)",2,1.37928647376917,1.31173385076878,1.45238564182526,1.94445036292031,1.40975091099582,60
"tep","persistence","MLP (seed 42)","Process input / IDV(1)",0,1.95800270873718,1.86870827185138,2.05324913627536,1.30908275274108,0.668580664827259,80
"tep","persistence","MLP (seed 42)","Process input / IDV(1)",0.1,1.94282601930852,1.85394776041531,2.03630397502624,1.30789628622958,0.673192696222527,80
"tep","persistence","MLP (seed 42)","Process input / IDV(1)",0.25,1.90563345388606,1.81601729404509,1.99601904241355,1.31589681274752,0.690529865575188,80
"tep","persistence","MLP (seed 42)","Process input / IDV(1)",0.5,1.82055627129596,1.73328961510229,1.91190820532935,1.35664369401152,0.745180863344475,80
"tep","persistence","MLP (seed 42)","Process input / IDV(1)",0.75,1.72332710665941,1.64316826481496,1.81014044375712,1.43024252598881,0.829930963461296,80
"tep","persistence","MLP (seed 42)","Process input / IDV(1)",1,1.62365812228641,1.54850828466913,1.70394107336682,1.5211453114439,0.936863056677133,79
"tep","persistence","MLP (seed 42)","Process input / IDV(1)",1.5,1.47548555140775,1.40883588684871,1.54699228814753,1.7643570648451,1.19578064533519,76
"tep","persistence","MLP (seed 42)","Process input / IDV(1)",2,1.34470684555767,1.27982133162348,1.41603996716355,1.94445036292031,1.44600317113275,60
"tep","persistence","Ridge","Process input / IDV(1)",0,2.00306990143064,1.910100610093,2.10284993036006,1.30908275274108,0.653538227400901,80
"tep","persistence","Ridge","Process input / IDV(1)",0.1,1.99047408642191,1.89838094549366,2.09093403760771,1.30789628622958,0.657077776169728,80
"tep","persistence","Ridge","Process input / IDV(1)",0.25,1.95944589487323,1.86716258179855,2.05830550305989,1.31589681274752,0.671565781015176,80
"tep","persistence","Ridge","Process input / IDV(1)",0.5,1.88799392717372,1.79403423534879,1.98631000162068,1.35664369401152,0.718563589895857,80
"tep","persistence","Ridge","Process input / IDV(1)",0.75,1.80470226847813,1.71350794162333,1.9003861630728,1.43024252598881,0.792508853659785,80
"tep","persistence","Ridge","Process input / IDV(1)",1,1.71675435655597,1.63310365961147,1.80700561833308,1.5211453114439,0.886058803715817,79
"tep","persistence","Ridge","Process input / IDV(1)",1.5,1.57848445188918,1.50303268756699,1.65753059477597,1.7643570648451,1.1177538446663,76
"tep","persistence","Ridge","Process input / IDV(1)",2,1.44794937527658,1.37241945065005,1.53078260647629,1.94445036292031,1.34289941079528,60
"tep","persistence","GRU (seed 42)","Regime / setpoint",0,2.03666325411613,1.94530679251196,2.13223489457426,1.30908275274108,0.642758566049346,80
"tep","persistence","GRU (seed 42)","Regime / setpoint",0.25,0.555126701842278,0.524365844039596,0.586275967287389,1.380705821374,2.48719043200752,80
"tep","persistence","GRU (seed 42)","Regime / setpoint",0.5,0.602023765582999,0.570231298517555,0.633818128535721,1.30917972547797,2.17463130248714,80
"tep","persistence","GRU (seed 42)","Regime / setpoint",1,0.620681414111263,0.599577093129474,0.640973906147241,1.84515500350094,2.97278919837315,80
"tep","persistence","MLP (seed 42)","Regime / setpoint",0,1.95800270873718,1.86870827185138,2.05324913627536,1.30908275274108,0.668580664827259,80
"tep","persistence","MLP (seed 42)","Regime / setpoint",0.25,0.0614193824090947,0.0581065919594781,0.0647560930756545,1.380705821374,22.479969143577,80
"tep","persistence","MLP (seed 42)","Regime / setpoint",0.5,0.0290557048476117,0.0275656373650538,0.0305372866613281,1.30917972547797,45.0575793065154,80
"tep","persistence","MLP (seed 42)","Regime / setpoint",1,0.0202175151517451,0.0189394031484492,0.0215536114110981,1.84515500350094,91.2651722851151,80
"tep","persistence","Ridge","Regime / setpoint",0,2.00306990143064,1.910100610093,2.10284993036006,1.30908275274108,0.653538227400901,80
"tep","persistence","Ridge","Regime / setpoint",0.25,0.057416829497926,0.0543206900859455,0.0605450753844774,1.380705821374,24.0470578652184,80
"tep","persistence","Ridge","Regime / setpoint",0.5,0.0272250954985544,0.0258271383128662,0.0286167810305559,1.30917972547797,48.0872408894757,80
"tep","persistence","Ridge","Regime / setpoint",1,0.0192062179563756,0.0179919425427033,0.0204767836075348,1.84515500350094,96.0707104174268,80
